Camera,Grid,Treatment,Week,Trial,Weight Start,Weight End,Consumed,Chewed,Poo,
S2T1,S2,human,2,1,12,11.25,0.75,1,0,
S2T2,S2,human,2,1,11,11,0,0,0,
S2T3,S2,human,2,1,11.25,10.75,0.5,1,0,
S2T4,S2,human,2,1,10.75,10.75,0,0,0,
S2T5,S2,human,2,1,12,10.75,1.25,1,0,
S2T6,S2,human,2,1,11.25,8,3.25,1,0,
S2T7,S2,human,2,1,11.25,11.25,0,0,0,
S2T8,S2,human,2,1,11.75,11.5,0.25,1,0,
S2T9,S2,human,2,1,11.25,11.25,0,0,0,
S2T10,S2,human,2,1,11.25,10.75,0.5,1,0,
S2T11,S2,human,2,1,10.25,10.25,0,0,0,
S2T12,S2,human,2,1,11.25,11.25,0,0,0,
N2T1,N2,control,2,1,10.5,10.5,0,0,0,
N2T2,N2,control,2,1,10,10,0,0,0,
N2T3,N2,control,2,1,11,11,0,0,0,
N2T4,N2,control,2,1,11,9.5,1.5,1,0,
N2T5,N2,control,2,1,10.5,10.5,0,0,0,
N2T6,N2,control,2,1,11.5,11,0.5,1,0,
N2T7,N2,control,2,1,12,12,0,0,0,
N2T8,N2,control,2,1,10.25,9.25,1,1,0,
N2T9,N2,control,2,1,11.25,10.75,0.5,1,0,
N2T10,N2,control,2,1,11,10.75,0.25,1,0,
N2T11,N2,control,2,1,10.25,5.5,4.75,1,0,
N2T12,N2,control,2,1,11.5,5.5,6,1,0,
S2T1,S2,human,2,2,11.25,11.25,0,1,0,
S2T2,S2,human,2,2,11,7.5,3.5,1,0,
S2T3,S2,human,2,2,10.75,9.75,1,1,0,
S2T4,S2,human,2,2,10.75,3.25,7.5,1,0,
S2T5,S2,human,2,2,10.75,3.25,7.5,1,0,
S2T6,S2,human,2,2,8,1.75,6.25,0,0,
S2T7,S2,human,2,2,11.25,2,9.25,1,0,
S2T8,S2,human,2,2,11.5,11,0.5,1,0,
S2T9,S2,human,2,2,11.25,11.25,0,1,0,
S2T10,S2,human,2,2,10.75,4.75,6,1,0,
S2T11,S2,human,2,2,10.25,1.75,8.5,1,0,
S2T12,S2,human,2,2,11.25,7.5,3.75,1,0,
N2T1,N2,control,2,2,10.5,7.5,3,1,0,
N2T2,N2,control,2,2,10,3,7,1,0,
N2T3,N2,control,2,2,11,8,3,1,0,
N2T4,N2,control,2,2,9.5,0.5,9,1,0,
N2T5,N2,control,2,2,10.5,6.75,3.75,1,0,
N2T6,N2,control,2,2,11,2.75,8.25,1,0,
N2T7,N2,control,2,2,12,12,0,0,0,
N2T8,N2,control,2,2,9.25,3.75,5.5,1,0,
N2T9,N2,control,2,2,10.75,10.25,0.5,1,0,
N2T10,N2,control,2,2,10.75,8.75,2,1,0,
N2T11,N2,control,2,2,5.5,2,3.5,1,0,
N2T12,N2,control,2,2,5.5,1.25,4.25,1,0,
S2T1,S2,human,4,1,11.75,11,0.75,1,0,
S2T2,S2,human,4,1,11,7,4,1,0,
S2T3,S2,human,4,1,11,5.5,5.5,1,0,
S2T4,S2,human,4,1,11.75,0,11.75,1,0,
S2T5,S2,human,4,1,11.75,10,1.75,1,0,
S2T6,S2,human,4,1,11.75,0.25,11.5,1,0,
S2T7,S2,human,4,1,11.75,5.5,6.25,1,0,
S2T8,S2,human,4,1,11.5,9.5,2,1,0,
S2T9,S2,human,4,1,11,6.75,4.25,1,0,
S2T10,S2,human,4,1,12,7,5,1,0,
S2T11,S2,human,4,1,11.5,4.5,7,1,0,
S2T12,S2,human,4,1,11.75,10.5,1.25,1,0,
N2T1,N2,control,4,1,11.25,2,9.25,1,0,
N2T2,N2,control,4,1,11.5,4.5,7,1,0,
N2T3,N2,control,4,1,12,4.75,7.25,1,0,
N2T4,N2,control,4,1,11.5,2,9.5,1,0,
N2T5,N2,control,4,1,12,10.5,1.5,1,0,
N2T6,N2,control,4,1,11.5,4.5,7,1,0,
N2T7,N2,control,4,1,12,12,0,1,0,
N2T8,N2,control,4,1,11,6.5,4.5,1,0,
N2T9,N2,control,4,1,11.5,9.5,2,0,0,
N2T10,N2,control,4,1,11.5,11.5,0,1,0,
N2T11,N2,control,4,1,11.5,5,6.5,1,0,
N2T12,N2,control,4,1,11.25,4.75,6.5,1,0,
S2T1,S2,human,4,2,11.75,11.25,0.5,1,0,
S2T2,S2,human,4,2,12,6,6,1,0,
S2T3,S2,human,4,2,12,2.5,9.5,1,0,
S2T4,S2,human,4,2,11.5,0,11.5,1,0,
S2T6,S2,human,4,2,12,0,12,1,0,
S2T7,S2,human,4,2,12,3,9,1,0,
S2T8,S2,human,4,2,12,8,4,1,0,
S2T9,S2,human,4,2,11.75,5,6.75,1,0,
S2T10,S2,human,4,2,11.75,5,6.75,1,0,
S2T11,S2,human,4,2,12,0.5,11.5,1,1,
S2T12,S2,human,4,2,11.75,5.5,6.25,1,0,
N2T1,N2,control,4,2,11.5,0,11.5,1,0,
N2T2,N2,control,4,2,11.5,0.75,10.75,1,0,
N2T3,N2,control,4,2,11.75,7,4.75,1,0,
N2T4,N2,control,4,2,11.75,0,11.75,1,0,
N2T5,N2,control,4,2,11.5,4.5,7,1,0,
N2T6,N2,control,4,2,11.5,0,11.5,1,0,
N2T7,N2,control,4,2,12,5.25,6.75,1,0,
N2T8,N2,control,4,2,12,5.5,6.5,1,1,
N2T9,N2,control,4,2,11.25,8.25,3,1,0,
N2T10,N2,control,4,2,11.5,7.25,4.25,1,0,
N2T11,N2,control,4,2,12,2.25,9.75,1,0,
N2T12,N2,control,4,2,11.75,0,11.75,1,0,
S2T5,S2,human,4,2,10.5,NA,NA,NA,NA,Ants
S2T1,S2,control,6,1,10.5,9.5,1,1,0,
S2T2,S2,control,6,1,12,11.75,0.25,1,0,
S2T3,S2,control,6,1,12.5,11.75,0.75,1,0,
S2T4,S2,control,6,1,12.5,12.5,0,0,0,
S2T5,S2,control,6,1,11.25,9.75,1.5,1,0,
S2T6,S2,control,6,1,10.5,5.5,5,1,0,
S2T7,S2,control,6,1,12,9.25,2.75,1,0,
S2T8,S2,control,6,1,11.75,11.75,0,0,0,
S2T9,S2,control,6,1,12.25,12,0.25,1,0,
S2T10,S2,control,6,1,11,8.25,2.75,1,0,
S2T11,S2,control,6,1,11.25,11.25,0,0,0,
S2T12,S2,control,6,1,11.75,11.75,0,0,0,
N2T1,N2,human,6,1,11.5,11.25,0.25,1,0,
N2T2,N2,human,6,1,12,11,1,1,0,
N2T3,N2,human,6,1,12,NA,NA,NA,NA,Tray flipped/moved
N2T4,N2,human,6,1,12.25,10.5,1.75,1,0,
N2T5,N2,human,6,1,12,11.75,0.25,1,0,
N2T6,N2,human,6,1,11.25,10,1.25,1,0,
N2T7,N2,human,6,1,11.75,11.25,0.5,1,0,
N2T8,N2,human,6,1,11,11,0,1,0,
N2T9,N2,human,6,1,11.25,11,0.25,1,0,
N2T10,N2,human,6,1,10.75,10,0.75,1,0,
N2T11,N2,human,6,1,11.5,11.5,0,1,0,
N2T12,N2,human,6,1,11.25,11,0.25,1,0,
S2T1,S2,control,6,2,11.75,11,0.75,1,0,
S2T2,S2,control,6,2,11.75,11.75,0,1,0,
S2T3,S2,control,6,2,12.5,11.75,0.75,1,0,
S2T4,S2,control,6,2,11.5,11.5,0,1,0,
S2T5,S2,control,6,2,12,0,12,1,0,
S2T6,S2,control,6,2,12.5,6.75,5.75,1,0,
S2T7,S2,control,6,2,10.5,4.5,6,1,1,
S2T8,S2,control,6,2,11.75,11.5,0.25,1,0,
S2T9,S2,control,6,2,12,11.75,0.25,1,0,
S2T10,S2,control,6,2,11.25,10.5,0.75,1,0,
S2T11,S2,control,6,2,11.25,4,7.25,1,0,
S2T12,S2,control,6,2,11.75,11.5,0.25,1,0,
N2T1,N2,human,6,2,11.25,11.25,0,1,0,
N2T2,N2,human,6,2,11,9.25,1.75,1,0,
N2T3,N2,human,6,2,11.75,11.5,0.25,1,0,
N2T4,N2,human,6,2,10.5,7.25,3.25,1,0,
N2T5,N2,human,6,2,11.75,10.75,1,1,0,
N2T6,N2,human,6,2,10,8.75,1.25,1,1,
N2T7,N2,human,6,2,11.25,10.5,0.75,1,0,
N2T8,N2,human,6,2,11,11,0,1,0,
N2T9,N2,human,6,2,11,10.75,0.25,1,0,
N2T10,N2,human,6,2,10,9.25,0.75,1,0,
N2T11,N2,human,6,2,11.5,11.25,0.25,1,0,
N2T12,N2,human,6,2,11,10.5,0.5,1,0,
S2T1,S2,control,8,1,12.5,12.5,0,0,0,
S2T2,S2,control,8,1,12,10.75,1.25,1,0,
S2T3,S2,control,8,1,12,0.5,11.5,1,1,
S2T4,S2,control,8,1,12.5,6.5,6,1,0,
S2T5,S2,control,8,1,11.5,11,0.5,1,0,
S2T6,S2,control,8,1,11.5,11,0.5,1,0,
S2T7,S2,control,8,1,12,11,1,1,0,
S2T8,S2,control,8,1,12,11,1,1,0,
S2T9,S2,control,8,1,11.25,10.75,0.5,1,0,
S2T10,S2,control,8,1,11.75,8.5,3.25,1,0,
S2T11,S2,control,8,1,11,10.5,0.5,1,0,
S2T12,S2,control,8,1,11.5,11.5,0,1,0,
N2T1,N2,human,8,1,12,11.75,0.25,1,0,
N2T2,N2,human,8,1,11.5,11.25,0.25,1,0,
N2T3,N2,human,8,1,11,10.5,0.5,1,0,
N2T4,N2,human,8,1,11.5,8.5,3,1,0,
N2T5,N2,human,8,1,12,11.75,0.25,1,0,
N2T6,N2,human,8,1,10.5,10.5,0,0,0,
N2T7,N2,human,8,1,11.5,7.75,3.75,1,0,
N2T8,N2,human,8,1,11.5,11.5,0,0,0,
N2T9,N2,human,8,1,11.5,11.5,0,0,0,
N2T10,N2,human,8,1,11.75,11.5,0.25,1,1,
N2T11,N2,human,8,1,11.5,11.5,0,1,0,
N2T12,N2,human,8,1,11.5,11.5,0,0,0,
S2T1,S2,control,8,2,12,NA,NA,NA,NA,Tray flipped/moved
S2T2,S2,control,8,2,12.5,NA,NA,NA,NA,Tray flipped/moved
S2T3,S2,control,8,2,10.75,10,0.75,1,0,
S2T4,S2,control,8,2,12,7.5,4.5,1,0,
S2T5,S2,control,8,2,11,0,11,1,0,
S2T6,S2,control,8,2,11,10.25,0.75,1,0,
S2T7,S2,control,8,2,12,7.5,4.5,1,0,
S2T8,S2,control,8,2,11,10,1,1,0,
S2T9,S2,control,8,2,10.75,10.25,0.5,1,0,
S2T10,S2,control,8,2,12,0,12,1,0,
S2T11,S2,control,8,2,10.5,0,10.5,1,0,
S2T12,S2,control,8,2,11.5,11.25,0.25,1,0,
N2T1,N2,human,8,2,11.75,10.75,1,1,0,
N2T2,N2,human,8,2,11.25,10.75,0.5,1,0,
N2T3,N2,human,8,2,10.5,10,0.5,1,0,
N2T4,N2,human,8,2,12,6,6,1,0,
N2T5,N2,human,8,2,11.75,11,0.75,1,0,
N2T6,N2,human,8,2,10.5,9.5,1,1,0,
N2T7,N2,human,8,2,11.75,10.75,1,1,0,
N2T8,N2,human,8,2,11.5,10,1.5,1,0,
N2T9,N2,human,8,2,11.5,11,0.5,1,0,
N2T10,N2,human,8,2,11.5,10.5,1,1,0,
N2T11,N2,human,8,2,11.5,11.5,0,1,0,
N2T12,N2,human,8,2,11.5,5.25,6.25,1,0,