"","treatment_period","week_id","grid_id","treatment","camera_id","deployment_id","start_time","common_name","group_size"
"1",1,2,"N2","control","N2T1","MFP W2 N2T1","7/31/24 12:37","Human",1
"2",1,2,"N2","control","N2T1","MFP W2 N2T1","8/2/24 11:26","Human",1
"3",1,2,"N2","control","N2T1","MFP W2 N2T1","8/3/24 12:11","Human",1
"4",1,2,"N2","control","N2T1","MFP W2 N2T1","8/4/24 11:50","Human",1
"5",1,2,"N2","control","N2T1","MFP W2 N2T1","8/5/24 9:37","Human",3
"6",1,2,"N2","control","N2T1","MFP W2 N2T1","8/6/24 10:09","Human",1
"7",1,2,"N2","control","N2T1","MFP W2 N2T1","8/6/24 12:38","Human",4
"8",1,2,"N2","control","N2T1","MFP W2 N2T1","8/6/24 14:51","Human",1
"9",1,2,"N2","control","N2T10","MFP W2 N2T10","7/31/24 11:41","Human",1
"10",1,2,"N2","control","N2T10","MFP W2 N2T10","8/2/24 10:50","Human",1
"11",1,2,"N2","control","N2T10","MFP W2 N2T10","8/3/24 13:43","Human",1
"12",1,2,"N2","control","N2T10","MFP W2 N2T10","8/4/24 13:43","Human",2
"13",1,2,"N2","control","N2T10","MFP W2 N2T10","8/5/24 9:36","Human",1
"14",1,2,"N2","control","N2T10","MFP W2 N2T10","8/5/24 15:23","Human",1
"15",1,2,"N2","control","N2T10","MFP W2 N2T10","8/6/24 10:05","Human",1
"16",1,2,"N2","control","N2T11","MFP W2 N2T11","7/31/24 11:17","Human",NA
"17",1,2,"N2","control","N2T11","MFP W2 N2T11","8/1/24 14:40","Human",NA
"18",1,2,"N2","control","N2T11","MFP W2 N2T11","8/2/24 9:03","Human",NA
"19",1,2,"N2","control","N2T11","MFP W2 N2T11","8/3/24 11:01","Human",NA
"20",1,2,"N2","control","N2T11","MFP W2 N2T11","8/4/24 10:40","Human",NA
"21",1,2,"N2","control","N2T11","MFP W2 N2T11","8/5/24 8:26","Human",NA
"22",1,2,"N2","control","N2T11","MFP W2 N2T11","8/6/24 8:51","Human",NA
"23",1,2,"N2","control","N2T12","MFP W2 N2T12","7/31/24 10:09","Human",NA
"24",1,2,"N2","control","N2T12","MFP W2 N2T12","8/2/24 9:30","Human",NA
"25",1,2,"N2","control","N2T12","MFP W2 N2T12","8/3/24 12:56","Human",NA
"26",1,2,"N2","control","N2T12","MFP W2 N2T12","8/4/24 13:03","Human",NA
"27",1,2,"N2","control","N2T12","MFP W2 N2T12","8/5/24 8:16","Human",NA
"28",1,2,"N2","control","N2T12","MFP W2 N2T12","8/6/24 8:34","Human",NA
"29",1,2,"N2","control","N2T2","MFP W2 N2T2","7/31/24 13:07","Human",1
"30",1,2,"N2","control","N2T2","MFP W2 N2T2","8/2/24 12:07","Human",1
"31",1,2,"N2","control","N2T2","MFP W2 N2T2","8/3/24 11:51","Human",1
"32",1,2,"N2","control","N2T2","MFP W2 N2T2","8/4/24 11:28","Human",1
"33",1,2,"N2","control","N2T2","MFP W2 N2T2","8/5/24 9:59","Human",1
"34",1,2,"N2","control","N2T2","MFP W2 N2T2","8/6/24 10:29","Human",1
"35",1,2,"N2","control","N2T3","MFP W2 N2T3","8/2/24 11:43","Human",NA
"36",1,2,"N2","control","N2T3","MFP W2 N2T3","8/3/24 11:57","Human",1
"37",1,2,"N2","control","N2T3","MFP W2 N2T3","8/4/24 11:40","Human",NA
"38",1,2,"N2","control","N2T3","MFP W2 N2T3","8/5/24 9:49","Human",NA
"39",1,2,"N2","control","N2T3","MFP W2 N2T3","8/6/24 10:20","Human",NA
"40",1,2,"N2","control","N2T4","MFP W2 N2T4","8/2/24 10:52","Human",2
"41",1,2,"N2","control","N2T4","MFP W2 N2T4","8/3/24 12:18","Human",1
"42",1,2,"N2","control","N2T4","MFP W2 N2T4","8/4/24 11:58","Human",2
"43",1,2,"N2","control","N2T4","MFP W2 N2T4","8/5/24 9:19","Human",2
"44",1,2,"N2","control","N2T4","MFP W2 N2T4","8/6/24 9:46","Human",2
"45",1,2,"N2","control","N2T5","MFP W2 N2T5","7/31/24 14:35","Human",NA
"46",1,2,"N2","control","N2T5","MFP W2 N2T5","8/2/24 13:29","Human",NA
"47",1,2,"N2","control","N2T5","MFP W2 N2T5","8/3/24 12:30","Human",NA
"48",1,2,"N2","control","N2T5","MFP W2 N2T5","8/4/24 12:17","Human",NA
"49",1,2,"N2","control","N2T5","MFP W2 N2T5","8/5/24 11:12","Human",NA
"50",1,2,"N2","control","N2T5","MFP W2 N2T5","8/6/24 11:43","Human",NA
"51",1,2,"N2","control","N2T6","MFP W2 N2T6","8/2/24 11:08","Human",NA
"52",1,2,"N2","control","N2T6","MFP W2 N2T6","8/3/24 11:32","Human",NA
"53",1,2,"N2","control","N2T6","MFP W2 N2T6","8/4/24 12:09","Human",NA
"54",1,2,"N2","control","N2T6","MFP W2 N2T6","8/5/24 9:26","Human",NA
"55",1,2,"N2","control","N2T6","MFP W2 N2T6","8/6/24 9:55","Human",NA
"56",1,2,"N2","control","N2T7","MFP W2 N2T7","8/1/24 11:41","Human",NA
"57",1,2,"N2","control","N2T7","MFP W2 N2T7","8/2/24 10:36","Human",NA
"58",1,2,"N2","control","N2T7","MFP W2 N2T7","8/3/24 12:30","Human",NA
"59",1,2,"N2","control","N2T7","MFP W2 N2T7","8/4/24 12:20","Human",NA
"60",1,2,"N2","control","N2T7","MFP W2 N2T7","8/5/24 9:11","Human",NA
"61",1,2,"N2","control","N2T7","MFP W2 N2T7","8/6/24 9:34","Human",NA
"62",1,2,"N2","control","N2T7","MFP W2 N2T7","8/6/24 14:59","Human",NA
"63",1,2,"N2","control","N2T8","MFP W2 N2T8","7/31/24 13:53","Human",1
"64",1,2,"N2","control","N2T8","MFP W2 N2T8","8/2/24 12:49","Human",1
"65",1,2,"N2","control","N2T8","MFP W2 N2T8","8/3/24 11:17","Human",1
"66",1,2,"N2","control","N2T8","MFP W2 N2T8","8/4/24 10:57","Human",1
"67",1,2,"N2","control","N2T8","MFP W2 N2T8","8/5/24 10:25","Human",1
"68",1,2,"N2","control","N2T8","MFP W2 N2T8","8/6/24 11:05","Human",2
"69",1,2,"N2","control","N2T9","MFP W2 N2T9","7/31/24 12:56","Human",1
"70",1,2,"N2","control","N2T9","MFP W2 N2T9","8/2/24 11:17","Human",1
"71",1,2,"N2","control","N2T9","MFP W2 N2T9","8/3/24 13:28","Human",1
"72",1,2,"N2","control","N2T9","MFP W2 N2T9","8/4/24 13:22","Human",1
"73",1,2,"N2","control","N2T9","MFP W2 N2T9","8/5/24 10:01","Human",10
"74",1,2,"N2","control","N2T9","MFP W2 N2T9","8/6/24 10:20","Human",1
"75",1,2,"N2","control","N2T9","MFP W2 N2T9","8/6/24 13:31","Human",1
"76",1,2,"N2","control","N2T9","MFP W2 N2T9","8/6/24 15:12","Human",1
"77",1,2,"N2","control","N2T9","MFP W2 N2T9","8/6/24 16:43","Human",1
"78",1,2,"N2","control","N2T9","MFP W2 N2T9","8/6/24 18:45","Human",1
"79",1,2,"S2","human","S2T1","MFP W2 S2T1","7/31/24 16:08","Human",1
"80",1,2,"S2","human","S2T1","MFP W2 S2T1","8/2/24 16:32","Human",NA
"81",1,2,"S2","human","S2T1","MFP W2 S2T1","8/3/24 8:11","Human",NA
"82",1,2,"S2","human","S2T1","MFP W2 S2T1","8/3/24 14:47","Human",NA
"83",1,2,"S2","human","S2T1","MFP W2 S2T1","8/4/24 7:44","Human",NA
"84",1,2,"S2","human","S2T1","MFP W2 S2T1","8/4/24 13:50","Human",NA
"85",1,2,"S2","human","S2T1","MFP W2 S2T1","8/5/24 12:04","Human",NA
"86",1,2,"S2","human","S2T1","MFP W2 S2T1","8/6/24 13:30","Human",NA
"87",1,2,"S2","human","S2T10","MFP W2 S2T10","7/31/24 14:37","Human",NA
"88",1,2,"S2","human","S2T10","MFP W2 S2T10","8/2/24 14:16","Human",NA
"89",1,2,"S2","human","S2T10","MFP W2 S2T10","8/3/24 10:15","Human",NA
"90",1,2,"S2","human","S2T10","MFP W2 S2T10","8/4/24 10:01","Human",NA
"91",1,2,"S2","human","S2T10","MFP W2 S2T10","8/5/24 10:55","Human",NA
"92",1,2,"S2","human","S2T10","MFP W2 S2T10","8/6/24 12:01","Human",NA
"93",1,2,"S2","human","S2T11","MFP W2 S2T11","8/2/24 13:18","Human",1
"94",1,2,"S2","human","S2T11","MFP W2 S2T11","8/3/24 10:43","Human",NA
"95",1,2,"S2","human","S2T11","MFP W2 S2T11","8/4/24 10:24","Human",NA
"96",1,2,"S2","human","S2T11","MFP W2 S2T11","8/5/24 10:41","Human",NA
"97",1,2,"S2","human","S2T11","MFP W2 S2T11","8/6/24 11:28","Human",NA
"98",1,2,"S2","human","S2T12","MFP W2 S2T12","7/31/24 15:25","Human",1
"99",1,2,"S2","human","S2T12","MFP W2 S2T12","8/2/24 14:50","Human",NA
"100",1,2,"S2","human","S2T12","MFP W2 S2T12","8/3/24 11:36","Human",1
"101",1,2,"S2","human","S2T12","MFP W2 S2T12","8/4/24 11:11","Human",1
"102",1,2,"S2","human","S2T12","MFP W2 S2T12","8/4/24 14:23","Human",1
"103",1,2,"S2","human","S2T12","MFP W2 S2T12","8/5/24 11:50","Human",1
"104",1,2,"S2","human","S2T12","MFP W2 S2T12","8/6/24 12:51","Human",1
"105",1,2,"S2","human","S2T2","MFP W2 S2T2","8/2/24 17:21","Human",1
"106",1,2,"S2","human","S2T2","MFP W2 S2T2","8/3/24 9:13","Human",1
"107",1,2,"S2","human","S2T2","MFP W2 S2T2","8/4/24 9:07","Human",1
"108",1,2,"S2","human","S2T2","MFP W2 S2T2","8/5/24 12:57","Human",1
"109",1,2,"S2","human","S2T2","MFP W2 S2T2","8/6/24 14:38","Human",1
"110",1,2,"S2","human","S2T3","MFP W2 S2T3","7/31/24 16:44","Human",1
"111",1,2,"S2","human","S2T3","MFP W2 S2T3","8/1/24 10:10","Human",1
"112",1,2,"S2","human","S2T3","MFP W2 S2T3","8/2/24 15:53","Human",1
"113",1,2,"S2","human","S2T3","MFP W2 S2T3","8/3/24 8:20","Human",2
"114",1,2,"S2","human","S2T3","MFP W2 S2T3","8/4/24 8:20","Human",3
"115",1,2,"S2","human","S2T3","MFP W2 S2T3","8/5/24 11:42","Human",2
"116",1,2,"S2","human","S2T3","MFP W2 S2T3","8/6/24 13:55","Human",NA
"117",1,2,"S2","human","S2T4","MFP W2 S2T4","8/2/24 15:35","Human",NA
"118",1,2,"S2","human","S2T4","MFP W2 S2T4","8/3/24 8:56","Human",NA
"119",1,2,"S2","human","S2T4","MFP W2 S2T4","8/4/24 8:44","Human",NA
"120",1,2,"S2","human","S2T4","MFP W2 S2T4","8/5/24 9:58","Human",NA
"121",1,2,"S2","human","S2T4","MFP W2 S2T4","8/5/24 11:34","Human",NA
"122",1,2,"S2","human","S2T4","MFP W2 S2T4","8/6/24 13:19","Human",NA
"123",1,2,"S2","human","S2T5","MFP W2 S2T5","7/31/24 15:58","Human",NA
"124",1,2,"S2","human","S2T5","MFP W2 S2T5","8/2/24 15:19","Human",1
"125",1,2,"S2","human","S2T5","MFP W2 S2T5","8/3/24 9:10","Human",1
"126",1,2,"S2","human","S2T5","MFP W2 S2T5","8/4/24 8:56","Human",1
"127",1,2,"S2","human","S2T5","MFP W2 S2T5","8/5/24 11:25","Human",1
"128",1,2,"S2","human","S2T5","MFP W2 S2T5","8/6/24 13:05","Human",1
"129",1,2,"S2","human","S2T6","MFP W2 S2T6","7/31/24 13:05","Human",NA
"130",1,2,"S2","human","S2T6","MFP W2 S2T6","8/1/24 10:02","Human",NA
"131",1,2,"S2","human","S2T6","MFP W2 S2T6","8/2/24 12:44","Human",NA
"132",1,2,"S2","human","S2T6","MFP W2 S2T6","8/3/24 9:23","Human",NA
"133",1,2,"S2","human","S2T6","MFP W2 S2T6","8/3/24 15:10","Human",NA
"134",1,2,"S2","human","S2T6","MFP W2 S2T6","8/4/24 15:00","Human",NA
"135",1,2,"S2","human","S2T6","MFP W2 S2T6","8/5/24 11:16","Human",NA
"136",1,2,"S2","human","S2T6","MFP W2 S2T6","8/6/24 9:11","Human",NA
"137",1,2,"S2","human","S2T7","MFP W2 S2T7","7/31/24 15:02","Human",1
"138",1,2,"S2","human","S2T7","MFP W2 S2T7","8/2/24 14:29","Human",1
"139",1,2,"S2","human","S2T7","MFP W2 S2T7","8/3/24 10:04","Human",2
"140",1,2,"S2","human","S2T7","MFP W2 S2T7","8/4/24 9:25","Human",NA
"141",1,2,"S2","human","S2T7","MFP W2 S2T7","8/5/24 11:00","Human",NA
"142",1,2,"S2","human","S2T7","MFP W2 S2T7","8/6/24 12:33","Human",NA
"143",1,2,"S2","human","S2T8","MFP W2 S2T8","7/31/24 15:26","Human",NA
"144",1,2,"S2","human","S2T8","MFP W2 S2T8","8/2/24 14:45","Human",NA
"145",1,2,"S2","human","S2T8","MFP W2 S2T8","8/3/24 9:35","Human",NA
"146",1,2,"S2","human","S2T8","MFP W2 S2T8","8/4/24 9:38","Human",NA
"147",1,2,"S2","human","S2T8","MFP W2 S2T8","8/5/24 11:13","Human",NA
"148",1,2,"S2","human","S2T8","MFP W2 S2T8","8/6/24 12:45","Human",NA
"149",1,2,"S2","human","S2T9","MFP W2 S2T9","8/1/24 11:56","Human",NA
"150",1,2,"S2","human","S2T9","MFP W2 S2T9","8/2/24 10:08","Human",NA
"151",1,2,"S2","human","S2T9","MFP W2 S2T9","8/3/24 10:46","Human",NA
"152",1,2,"S2","human","S2T9","MFP W2 S2T9","8/4/24 10:51","Human",NA
"153",1,2,"S2","human","S2T9","MFP W2 S2T9","8/5/24 12:06","Human",NA
"154",1,2,"S2","human","S2T9","MFP W2 S2T9","8/6/24 12:38","Human",NA
"155",1,4,"N2","control","N2T1","MFP W4 N2T1","8/14/24 14:03","Human",NA
"156",1,4,"N2","control","N2T1","MFP W4 N2T1","8/15/24 10:02","Human",NA
"157",1,4,"N2","control","N2T1","MFP W4 N2T1","8/16/24 9:36","Human",NA
"158",1,4,"N2","control","N2T1","MFP W4 N2T1","8/17/24 9:00","Human",NA
"159",1,4,"N2","control","N2T1","MFP W4 N2T1","8/18/24 9:15","Human",NA
"160",1,4,"N2","control","N2T1","MFP W4 N2T1","8/20/24 10:13","Human",NA
"161",1,4,"N2","control","N2T1","MFP W4 N2T1","8/20/24 11:05","Human",NA
"162",1,4,"N2","control","N2T1","MFP W4 N2T1","8/20/24 13:59","Human",NA
"163",1,4,"N2","control","N2T10","MFP W4 N2T10","8/14/24 13:36","Human",NA
"164",1,4,"N2","control","N2T10","MFP W4 N2T10","8/16/24 9:28","Human",NA
"165",1,4,"N2","control","N2T10","MFP W4 N2T10","8/17/24 9:40","Human",NA
"166",1,4,"N2","control","N2T10","MFP W4 N2T10","8/18/24 9:29","Human",NA
"167",1,4,"N2","control","N2T10","MFP W4 N2T10","8/20/24 9:28","Human",NA
"168",1,4,"N2","control","N2T10","MFP W4 N2T10","8/20/24 11:48","Human",NA
"169",1,4,"N2","control","N2T10","MFP W4 N2T10","8/20/24 15:17","Human",NA
"170",1,4,"S2","human","S2T12","MFP W4 N2T12","8/14/24 12:27","Human",1
"171",1,4,"S2","human","S2T12","MFP W4 N2T12","8/15/24 12:57","Human",1
"172",1,4,"S2","human","S2T12","MFP W4 N2T12","8/16/24 12:06","Human",1
"173",1,4,"S2","human","S2T12","MFP W4 N2T12","8/17/24 10:29","Human",1
"174",1,4,"S2","human","S2T12","MFP W4 N2T12","8/18/24 10:49","Human",1
"175",1,4,"S2","human","S2T12","MFP W4 N2T12","8/19/24 11:04","Human",1
"176",1,4,"N2","control","N2T2","MFP W4 N2T2","8/14/24 14:36","Human",NA
"177",1,4,"N2","control","N2T2","MFP W4 N2T2","8/15/24 10:27","Human",NA
"178",1,4,"N2","control","N2T2","MFP W4 N2T2","8/16/24 9:56","Human",NA
"179",1,4,"N2","control","N2T2","MFP W4 N2T2","8/17/24 9:05","Human",NA
"180",1,4,"N2","control","N2T2","MFP W4 N2T2","8/18/24 9:26","Human",NA
"181",1,4,"N2","control","N2T2","MFP W4 N2T2","8/20/24 10:31","Human",NA
"182",1,4,"N2","control","N2T3","MFP W4 N2T3","8/14/24 14:20","Human",NA
"183",1,4,"N2","control","N2T3","MFP W4 N2T3","8/15/24 10:13","Human",NA
"184",1,4,"N2","control","N2T3","MFP W4 N2T3","8/16/24 9:44","Human",NA
"185",1,4,"N2","control","N2T3","MFP W4 N2T3","8/17/24 9:03","Human",NA
"186",1,4,"N2","control","N2T3","MFP W4 N2T3","8/18/24 9:21","Human",NA
"187",1,4,"N2","control","N2T3","MFP W4 N2T3","8/19/24 10:46","Human",NA
"188",1,4,"N2","control","N2T3","MFP W4 N2T3","8/20/24 10:23","Human",NA
"189",1,4,"N2","control","N2T4","MFP W4 N2T4","8/14/24 13:36","Human",NA
"190",1,4,"N2","control","N2T4","MFP W4 N2T4","8/15/24 9:34","Human",NA
"191",1,4,"N2","control","N2T4","MFP W4 N2T4","8/16/24 9:02","Human",NA
"192",1,4,"N2","control","N2T4","MFP W4 N2T4","8/17/24 8:49","Human",NA
"193",1,4,"N2","control","N2T4","MFP W4 N2T4","8/17/24 14:28","Human",NA
"194",1,4,"N2","control","N2T4","MFP W4 N2T4","8/18/24 8:57","Human",NA
"195",1,4,"N2","control","N2T4","MFP W4 N2T4","8/20/24 8:56","Human",NA
"196",1,4,"N2","control","N2T5","MFP W4 N2T5","8/14/24 15:55","Human",NA
"197",1,4,"N2","control","N2T5","MFP W4 N2T5","8/15/24 11:43","Human",1
"198",1,4,"N2","control","N2T5","MFP W4 N2T5","8/16/24 10:19","Human",NA
"199",1,4,"N2","control","N2T5","MFP W4 N2T5","8/17/24 9:53","Human",NA
"200",1,4,"N2","control","N2T5","MFP W4 N2T5","8/18/24 10:06","Human",NA
"201",1,4,"N2","control","N2T5","MFP W4 N2T5","8/20/24 10:08","Human",NA
"202",1,4,"N2","control","N2T6","MFP W4 N2T6","8/14/24 13:41","Human",1
"203",1,4,"N2","control","N2T6","MFP W4 N2T6","8/15/24 9:45","Human",1
"204",1,4,"N2","control","N2T6","MFP W4 N2T6","8/17/24 8:51","Human",1
"205",1,4,"N2","control","N2T6","MFP W4 N2T6","8/18/24 9:02","Human",1
"206",1,4,"N2","control","N2T6","MFP W4 N2T6","8/20/24 9:01","Human",1
"207",1,4,"N2","control","N2T7","MFP W4 N2T7","8/14/24 13:04","Human",10
"208",1,4,"N2","control","N2T7","MFP W4 N2T7","8/15/24 9:21","Human",1
"209",1,4,"N2","control","N2T7","MFP W4 N2T7","8/16/24 8:49","Human",10
"210",1,4,"N2","control","N2T7","MFP W4 N2T7","8/17/24 8:45","Human",NA
"211",1,4,"N2","control","N2T7","MFP W4 N2T7","8/18/24 8:51","Human",NA
"212",1,4,"N2","control","N2T7","MFP W4 N2T7","8/20/24 8:49","Human",NA
"213",1,4,"N2","control","N2T7","MFP W4 N2T7","8/20/24 10:54","Human",NA
"214",1,4,"N2","control","N2T7","MFP W4 N2T7","8/20/24 14:12","Human",NA
"215",1,4,"N2","control","N2T8","MFP W4 N2T8","8/15/24 11:00","Human",1
"216",1,4,"N2","control","N2T8","MFP W4 N2T8","8/16/24 10:09","Human",1
"217",1,4,"N2","control","N2T8","MFP W4 N2T8","8/18/24 8:40","Human",1
"218",1,4,"N2","control","N2T8","MFP W4 N2T8","8/20/24 8:41","Human",2
"219",1,4,"N2","control","N2T9","MFP W4 N2T9","8/14/24 13:46","Human",1
"220",1,4,"N2","control","N2T9","MFP W4 N2T9","8/15/24 10:04","Human",1
"221",1,4,"N2","control","N2T9","MFP W4 N2T9","8/16/24 9:35","Human",1
"222",1,4,"N2","control","N2T9","MFP W4 N2T9","8/17/24 9:38","Human",1
"223",1,4,"N2","control","N2T9","MFP W4 N2T9","8/20/24 9:30","Human",1
"224",1,4,"S2","human","S2T1","MFP W4 S2T1","8/14/24 7:53","Human",1
"225",1,4,"S2","human","S2T1","MFP W4 S2T1","8/14/24 9:00","Human",1
"226",1,4,"S2","human","S2T1","MFP W4 S2T1","8/15/24 10:09","Human",1
"227",1,4,"S2","human","S2T1","MFP W4 S2T1","8/15/24 13:21","Human",1
"228",1,4,"S2","human","S2T1","MFP W4 S2T1","8/16/24 12:40","Human",NA
"229",1,4,"S2","human","S2T1","MFP W4 S2T1","8/17/24 9:55","Human",NA
"230",1,4,"S2","human","S2T1","MFP W4 S2T1","8/18/24 10:44","Human",NA
"231",1,4,"S2","human","S2T1","MFP W4 S2T1","8/19/24 8:11","Human",NA
"232",1,4,"S2","human","S2T1","MFP W4 S2T1","8/20/24 11:49","Human",NA
"233",1,4,"S2","human","S2T10","MFP W4 S2T10","8/14/24 11:15","Human",NA
"234",1,4,"S2","human","S2T10","MFP W4 S2T10","8/15/24 12:00","Human",NA
"235",1,4,"S2","human","S2T10","MFP W4 S2T10","8/16/24 11:17","Human",NA
"236",1,4,"S2","human","S2T10","MFP W4 S2T10","8/17/24 9:32","Human",NA
"237",1,4,"S2","human","S2T10","MFP W4 S2T10","8/18/24 9:53","Human",NA
"238",1,4,"S2","human","S2T10","MFP W4 S2T10","8/20/24 11:00","Human",NA
"239",1,4,"S2","human","S2T11","MFP W4 S2T11","8/14/24 11:58","Human",NA
"240",1,4,"S2","human","S2T11","MFP W4 S2T11","8/15/24 8:20","Human",NA
"241",1,4,"S2","human","S2T11","MFP W4 S2T11","8/16/24 8:01","Human",NA
"242",1,4,"S2","human","S2T11","MFP W4 S2T11","8/17/24 8:34","Human",NA
"243",1,4,"S2","human","S2T11","MFP W4 S2T11","8/18/24 8:22","Human",NA
"244",1,4,"S2","human","S2T11","MFP W4 S2T11","8/19/24 11:34","Human",NA
"245",1,4,"S2","human","S2T11","MFP W4 S2T11","8/20/24 8:18","Human",NA
"246",1,4,"S2","human","S2T12","MFP W4 S2T12","8/14/24 12:27","Human",1
"247",1,4,"S2","human","S2T12","MFP W4 S2T12","8/15/24 12:57","Human",NA
"248",1,4,"S2","human","S2T12","MFP W4 S2T12","8/16/24 12:06","Human",NA
"249",1,4,"S2","human","S2T12","MFP W4 S2T12","8/17/24 10:29","Human",NA
"250",1,4,"S2","human","S2T12","MFP W4 S2T12","8/18/24 10:49","Human",NA
"251",1,4,"S2","human","S2T12","MFP W4 S2T12","8/19/24 11:04","Human",NA
"252",1,4,"S2","human","S2T2","MFP W4 S2T2","8/14/24 10:01","Human",2
"253",1,4,"S2","human","S2T2","MFP W4 S2T2","8/15/24 14:12","Human",NA
"254",1,4,"S2","human","S2T2","MFP W4 S2T2","8/16/24 13:32","Human",NA
"255",1,4,"S2","human","S2T2","MFP W4 S2T2","8/17/24 10:54","Human",NA
"256",1,4,"S2","human","S2T2","MFP W4 S2T2","8/18/24 11:38","Human",NA
"257",1,4,"S2","human","S2T2","MFP W4 S2T2","8/20/24 12:44","Human",NA
"258",1,4,"S2","human","S2T3","MFP W4 S2T3","8/15/24 13:03","Human",1
"259",1,4,"S2","human","S2T3","MFP W4 S2T3","8/16/24 12:24","Human",2
"260",1,4,"S2","human","S2T3","MFP W4 S2T3","8/17/24 9:52","Human",1
"261",1,4,"S2","human","S2T3","MFP W4 S2T3","8/18/24 10:33","Human",1
"262",1,4,"S2","human","S2T3","MFP W4 S2T3","8/20/24 11:39","Human",1
"263",1,4,"S2","human","S2T4","MFP W4 S2T4","8/14/24 9:38","Human",NA
"264",1,4,"S2","human","S2T4","MFP W4 S2T4","8/15/24 12:53","Human",NA
"265",1,4,"S2","human","S2T4","MFP W4 S2T4","8/16/24 12:14","Human",NA
"266",1,4,"S2","human","S2T4","MFP W4 S2T4","8/17/24 9:48","Human",NA
"267",1,4,"S2","human","S2T4","MFP W4 S2T4","8/18/24 10:27","Human",NA
"268",1,4,"S2","human","S2T4","MFP W4 S2T4","8/20/24 11:28","Human",NA
"269",1,4,"S2","human","S2T5","MFP W4 S2T5","8/15/24 12:41","Human",NA
"270",1,4,"S2","human","S2T5","MFP W4 S2T5","8/16/24 12:05","Human",NA
"271",1,4,"S2","human","S2T5","MFP W4 S2T5","8/17/24 9:44","Human",NA
"272",1,4,"S2","human","S2T5","MFP W4 S2T5","8/18/24 10:22","Human",NA
"273",1,4,"S2","human","S2T5","MFP W4 S2T5","8/19/24 9:25","Human",NA
"274",1,4,"S2","human","S2T5","MFP W4 S2T5","8/20/24 11:23","Human",NA
"275",1,4,"S2","human","S2T6","MFP W4 S2T6","8/14/24 10:06","Human",NA
"276",1,4,"S2","human","S2T6","MFP W4 S2T6","8/16/24 11:14","Human",NA
"277",1,4,"S2","human","S2T6","MFP W4 S2T6","8/17/24 9:42","Human",NA
"278",1,4,"S2","human","S2T6","MFP W4 S2T6","8/18/24 4:24","Human",1
"279",1,4,"S2","human","S2T6","MFP W4 S2T6","8/20/24 12:38","Human",NA
"280",1,4,"S2","human","S2T7","MFP W4 S2T7","8/14/24 10:44","Human",NA
"281",1,4,"S2","human","S2T7","MFP W4 S2T7","8/15/24 12:11","Human",NA
"282",1,4,"S2","human","S2T7","MFP W4 S2T7","8/16/24 11:28","Human",NA
"283",1,4,"S2","human","S2T7","MFP W4 S2T7","8/17/24 9:34","Human",NA
"284",1,4,"S2","human","S2T7","MFP W4 S2T7","8/18/24 9:57","Human",NA
"285",1,4,"S2","human","S2T7","MFP W4 S2T7","8/20/24 11:05","Human",NA
"286",1,4,"S2","human","S2T8","MFP W4 S2T8","8/14/24 10:26","Human",NA
"287",1,4,"S2","human","S2T8","MFP W4 S2T8","8/15/24 12:22","Human",NA
"288",1,4,"S2","human","S2T8","MFP W4 S2T8","8/16/24 11:39","Human",NA
"289",1,4,"S2","human","S2T8","MFP W4 S2T8","8/17/24 9:39","Human",NA
"290",1,4,"S2","human","S2T8","MFP W4 S2T8","8/18/24 9:58","Human",NA
"291",1,4,"S2","human","S2T8","MFP W4 S2T8","8/20/24 11:12","Human",NA
"292",1,4,"S2","human","S2T9","MFP W4 S2T9","8/15/24 12:33","Human",1
"293",1,4,"S2","human","S2T9","MFP W4 S2T9","8/16/24 11:41","Human",1
"294",1,4,"S2","human","S2T9","MFP W4 S2T9","8/17/24 9:36","Human",NA
"295",1,4,"S2","human","S2T9","MFP W4 S2T9","8/18/24 10:42","Human",NA
"296",1,4,"S2","human","S2T9","MFP W4 S2T9","8/19/24 14:53","Human",NA
"297",1,4,"S2","human","S2T9","MFP W4 S2T9","8/20/24 9:53","Human",NA
"298",1,4,"S2","human","S2T9","MFP W4 S2T9","8/20/24 10:49","Human",NA
"299",2,7,"N2","human","N2T1","MFP W7 N2T1","9/16/24 10:22","Human",NA
"300",2,7,"N2","human","N2T1","MFP W7 N2T1","9/17/24 9:41","Human",NA
"301",2,7,"N2","human","N2T1","MFP W7 N2T1","9/18/24 11:15","Human",NA
"302",2,7,"N2","human","N2T1","MFP W7 N2T1","9/19/24 9:34","Human",NA
"303",2,7,"N2","human","N2T1","MFP W7 N2T1","9/20/24 9:30","Human",NA
"304",2,7,"N2","human","N2T1","MFP W7 N2T1","9/22/24 9:30","Human",NA
"305",2,7,"N2","human","N2T1","MFP W7 N2T1","9/22/24 21:12","Human",NA
"306",2,7,"N2","human","N2T1","MFP W7 N2T1","9/22/24 22:15","Human",NA
"307",2,7,"N2","human","N2T10","MFP W7 N2T10","9/16/24 11:39","Human",1
"308",2,7,"N2","human","N2T10","MFP W7 N2T10","9/17/24 9:15","Human",1
"309",2,7,"N2","human","N2T10","MFP W7 N2T10","9/18/24 12:37","Human",NA
"310",2,7,"N2","human","N2T10","MFP W7 N2T10","9/18/24 19:01","Human",NA
"311",2,7,"N2","human","N2T10","MFP W7 N2T10","9/19/24 8:25","Human",NA
"312",2,7,"N2","human","N2T10","MFP W7 N2T10","9/20/24 8:17","Human",NA
"313",2,7,"N2","human","N2T10","MFP W7 N2T10","9/22/24 8:16","Human",NA
"314",2,7,"N2","human","N2T11","MFP W7 N2T11","9/16/24 11:57","Human",1
"315",2,7,"N2","human","N2T11","MFP W7 N2T11","9/17/24 9:04","Human",1
"316",2,7,"N2","human","N2T11","MFP W7 N2T11","9/18/24 13:03","Human",1
"317",2,7,"N2","human","N2T11","MFP W7 N2T11","9/19/24 8:10","Human",NA
"318",2,7,"N2","human","N2T11","MFP W7 N2T11","9/20/24 7:55","Human",NA
"319",2,7,"N2","human","N2T11","MFP W7 N2T11","9/21/24 17:40","Human",1
"320",2,7,"N2","human","N2T11","MFP W7 N2T11","9/22/24 7:45","Human",1
"321",2,7,"N2","human","N2T12","MFP W7 N2T12","9/16/24 11:47","Human",NA
"322",2,7,"N2","human","N2T12","MFP W7 N2T12","9/17/24 9:11","Human",NA
"323",2,7,"N2","human","N2T12","MFP W7 N2T12","9/18/24 12:48","Human",NA
"324",2,7,"N2","human","N2T12","MFP W7 N2T12","9/19/24 8:16","Human",NA
"325",2,7,"N2","human","N2T12","MFP W7 N2T12","9/20/24 8:08","Human",NA
"326",2,7,"N2","human","N2T12","MFP W7 N2T12","9/22/24 8:00","Human",NA
"327",2,7,"N2","human","N2T2","MFP W7 N2T2","9/16/24 10:07","Human",NA
"328",2,7,"N2","human","N2T2","MFP W7 N2T2","9/17/24 9:46","Human",NA
"329",2,7,"N2","human","N2T2","MFP W7 N2T2","9/18/24 10:55","Human",NA
"330",2,7,"N2","human","N2T2","MFP W7 N2T2","9/19/24 9:49","Human",NA
"331",2,7,"N2","human","N2T2","MFP W7 N2T2","9/20/24 9:46","Human",NA
"332",2,7,"N2","human","N2T2","MFP W7 N2T2","9/22/24 9:48","Human",NA
"333",2,7,"N2","human","N2T3","MFP W7 N2T3","9/16/24 10:14","Human",NA
"334",2,7,"N2","human","N2T3","MFP W7 N2T3","9/17/24 9:44","Human",NA
"335",2,7,"N2","human","N2T3","MFP W7 N2T3","9/18/24 11:05","Human",NA
"336",2,7,"N2","human","N2T3","MFP W7 N2T3","9/19/24 9:40","Human",NA
"337",2,7,"N2","human","N2T3","MFP W7 N2T3","9/20/24 9:38","Human",NA
"338",2,7,"N2","human","N2T3","MFP W7 N2T3","9/22/24 9:41","Human",NA
"339",2,7,"N2","human","N2T4","MFP W7 N2T4","9/16/24 10:30","Human",1
"340",2,7,"N2","human","N2T4","MFP W7 N2T4","9/16/24 14:20","Human",1
"341",2,7,"N2","human","N2T4","MFP W7 N2T4","9/17/24 9:29","Human",NA
"342",2,7,"N2","human","N2T4","MFP W7 N2T4","9/18/24 11:29","Human",NA
"343",2,7,"N2","human","N2T4","MFP W7 N2T4","9/19/24 9:18","Human",NA
"344",2,7,"N2","human","N2T4","MFP W7 N2T4","9/20/24 9:15","Human",NA
"345",2,7,"N2","human","N2T4","MFP W7 N2T4","9/22/24 9:21","Human",NA
"346",2,7,"N2","human","N2T5","MFP W7 N2T5","9/16/24 10:51","Human",NA
"347",2,7,"N2","human","N2T5","MFP W7 N2T5","9/17/24 9:33","Human",NA
"348",2,7,"N2","human","N2T5","MFP W7 N2T5","9/18/24 11:48","Human",NA
"349",2,7,"N2","human","N2T5","MFP W7 N2T5","9/19/24 9:11","Human",1
"350",2,7,"N2","human","N2T5","MFP W7 N2T5","9/20/24 9:06","Human",NA
"351",2,7,"N2","human","N2T5","MFP W7 N2T5","9/22/24 9:13","Human",NA
"352",2,7,"N2","human","N2T7","MFP W7 N2T7","9/16/24 11:09","Human",NA
"353",2,7,"N2","human","N2T7","MFP W7 N2T7","9/17/24 9:25","Human",NA
"354",2,7,"N2","human","N2T7","MFP W7 N2T7","9/18/24 12:05","Human",NA
"355",2,7,"N2","human","N2T7","MFP W7 N2T7","9/18/24 20:17","Human",NA
"356",2,7,"N2","human","N2T7","MFP W7 N2T7","9/19/24 8:52","Human",NA
"357",2,7,"N2","human","N2T7","MFP W7 N2T7","9/20/24 8:44","Human",NA
"358",2,7,"N2","human","N2T7","MFP W7 N2T7","9/22/24 8:47","Human",NA
"359",2,7,"N2","human","N2T8","MFP W7 N2T8","9/16/24 11:23","Human",1
"360",2,7,"N2","human","N2T8","MFP W7 N2T8","9/17/24 9:20","Human",1
"361",2,7,"N2","human","N2T8","MFP W7 N2T8","9/18/24 12:25","Human",NA
"362",2,7,"N2","human","N2T8","MFP W7 N2T8","9/19/24 8:42","Human",1
"363",2,7,"N2","human","N2T8","MFP W7 N2T8","9/20/24 8:33","Human",2
"364",2,7,"N2","human","N2T8","MFP W7 N2T8","9/21/24 14:28","Human",1
"365",2,7,"N2","human","N2T8","MFP W7 N2T8","9/22/24 8:26","Human",NA
"366",2,7,"N2","human","N2T9","MFP W7 N2T9","9/16/24 11:11","Human",NA
"367",2,7,"N2","human","N2T9","MFP W7 N2T9","9/17/24 9:18","Human",NA
"368",2,7,"N2","human","N2T9","MFP W7 N2T9","9/18/24 12:11","Human",NA
"369",2,7,"N2","human","N2T9","MFP W7 N2T9","9/18/24 20:10","Human",NA
"370",2,7,"N2","human","N2T9","MFP W7 N2T9","9/19/24 8:28","Human",NA
"371",2,7,"N2","human","N2T9","MFP W7 N2T9","9/20/24 8:20","Human",NA
"372",2,7,"N2","human","N2T9","MFP W7 N2T9","9/22/24 8:34","Human",NA
"373",2,7,"S2","control","S2T1","MFP W7 S2T1","9/16/24 8:55","Human",1
"374",2,7,"S2","control","S2T1","MFP W7 S2T1","9/16/24 11:34","Human",1
"375",2,7,"S2","control","S2T1","MFP W7 S2T1","9/16/24 12:38","Human",2
"376",2,7,"S2","control","S2T1","MFP W7 S2T1","9/17/24 10:28","Human",1
"377",2,7,"S2","control","S2T1","MFP W7 S2T1","9/17/24 12:00","Human",1
"378",2,7,"S2","control","S2T1","MFP W7 S2T1","9/18/24 7:48","Human",NA
"379",2,7,"S2","control","S2T1","MFP W7 S2T1","9/18/24 11:37","Human",1
"380",2,7,"S2","control","S2T1","MFP W7 S2T1","9/19/24 11:15","Human",1
"381",2,7,"S2","control","S2T1","MFP W7 S2T1","9/20/24 10:06","Human",1
"382",2,7,"S2","control","S2T1","MFP W7 S2T1","9/20/24 11:20","Human",2
"383",2,7,"S2","control","S2T1","MFP W7 S2T1","9/20/24 15:39","Human",1
"384",2,7,"S2","control","S2T1","MFP W7 S2T1","9/22/24 11:08","Human",2
"385",2,7,"S2","control","S2T10","MFP W7 S2T10","9/16/24 9:34","Human",NA
"386",2,7,"S2","control","S2T10","MFP W7 S2T10","9/17/24 10:06","Human",NA
"387",2,7,"S2","control","S2T10","MFP W7 S2T10","9/18/24 10:14","Human",NA
"388",2,7,"S2","control","S2T10","MFP W7 S2T10","9/19/24 10:23","Human",NA
"389",2,7,"S2","control","S2T10","MFP W7 S2T10","9/20/24 10:26","Human",NA
"390",2,7,"S2","control","S2T10","MFP W7 S2T10","9/22/24 10:24","Human",NA
"391",2,7,"S2","control","S2T11","MFP W7 S2T11","9/16/24 9:51","Human",1
"392",2,7,"S2","control","S2T11","MFP W7 S2T11","9/17/24 9:57","Human",2
"393",2,7,"S2","control","S2T11","MFP W7 S2T11","9/18/24 10:24","Human",1
"394",2,7,"S2","control","S2T11","MFP W7 S2T11","9/18/24 12:49","Human",1
"395",2,7,"S2","control","S2T11","MFP W7 S2T11","9/19/24 10:04","Human",1
"396",2,7,"S2","control","S2T11","MFP W7 S2T11","9/20/24 10:01","Human",1
"397",2,7,"S2","control","S2T11","MFP W7 S2T11","9/20/24 15:09","Human",1
"398",2,7,"S2","control","S2T12","MFP W7 S2T12","9/16/24 9:44","Human",NA
"399",2,7,"S2","control","S2T12","MFP W7 S2T12","9/17/24 10:01","Human",NA
"400",2,7,"S2","control","S2T12","MFP W7 S2T12","9/18/24 10:02","Human",NA
"401",2,7,"S2","control","S2T12","MFP W7 S2T12","9/19/24 10:15","Human",NA
"402",2,7,"S2","control","S2T12","MFP W7 S2T12","9/19/24 12:56","Human",NA
"403",2,7,"S2","control","S2T12","MFP W7 S2T12","9/20/24 10:18","Human",NA
"404",2,7,"S2","control","S2T12","MFP W7 S2T12","9/20/24 15:26","Human",NA
"405",2,7,"S2","control","S2T12","MFP W7 S2T12","9/22/24 10:17","Human",NA
"406",2,7,"S2","control","S2T2","MFP W7 S2T2","9/16/24 8:07","Human",NA
"407",2,7,"S2","control","S2T2","MFP W7 S2T2","9/16/24 12:36","Human",1
"408",2,7,"S2","control","S2T2","MFP W7 S2T2","9/17/24 10:26","Human",NA
"409",2,7,"S2","control","S2T2","MFP W7 S2T2","9/18/24 8:11","Human",NA
"410",2,7,"S2","control","S2T2","MFP W7 S2T2","9/19/24 7:27","Human",3
"411",2,7,"S2","control","S2T2","MFP W7 S2T2","9/19/24 11:08","Human",10
"412",2,7,"S2","control","S2T2","MFP W7 S2T2","9/20/24 11:12","Human",10
"413",2,7,"S2","control","S2T2","MFP W7 S2T2","9/22/24 11:04","Human",NA
"414",2,7,"S2","control","S2T3","MFP W7 S2T3","9/16/24 8:17","Human",1
"415",2,7,"S2","control","S2T3","MFP W7 S2T3","9/16/24 12:33","Human",NA
"416",2,7,"S2","control","S2T3","MFP W7 S2T3","9/17/24 10:24","Human",1
"417",2,7,"S2","control","S2T3","MFP W7 S2T3","9/18/24 8:29","Human",1
"418",2,7,"S2","control","S2T3","MFP W7 S2T3","9/19/24 11:05","Human",NA
"419",2,7,"S2","control","S2T3","MFP W7 S2T3","9/20/24 11:08","Human",NA
"420",2,7,"S2","control","S2T3","MFP W7 S2T3","9/22/24 11:00","Human",NA
"421",2,7,"S2","control","S2T4","MFP W7 S2T4","9/16/24 8:31","Human",10
"422",2,7,"S2","control","S2T4","MFP W7 S2T4","9/16/24 12:30","Human",10
"423",2,7,"S2","control","S2T4","MFP W7 S2T4","9/17/24 10:21","Human",10
"424",2,7,"S2","control","S2T4","MFP W7 S2T4","9/18/24 8:50","Human",10
"425",2,7,"S2","control","S2T4","MFP W7 S2T4","9/19/24 10:59","Human",10
"426",2,7,"S2","control","S2T4","MFP W7 S2T4","9/19/24 15:13","Human",10
"427",2,7,"S2","control","S2T4","MFP W7 S2T4","9/20/24 11:00","Human",10
"428",2,7,"S2","control","S2T4","MFP W7 S2T4","9/22/24 10:54","Human",NA
"429",2,7,"S2","control","S2T4","MFP W7 S2T4","9/22/24 15:01","Human",NA
"430",2,7,"S2","control","S2T5","MFP W7 S2T5","9/16/24 8:44","Human",2
"431",2,7,"S2","control","S2T5","MFP W7 S2T5","9/16/24 12:26","Human",NA
"432",2,7,"S2","control","S2T5","MFP W7 S2T5","9/17/24 10:18","Human",NA
"433",2,7,"S2","control","S2T5","MFP W7 S2T5","9/18/24 9:01","Human",NA
"434",2,7,"S2","control","S2T5","MFP W7 S2T5","9/19/24 10:51","Human",NA
"435",2,7,"S2","control","S2T5","MFP W7 S2T5","9/20/24 10:54","Human",NA
"436",2,7,"S2","control","S2T5","MFP W7 S2T5","9/22/24 10:49","Human",NA
"437",2,7,"S2","control","S2T6","MFP W7 S2T6","9/16/24 10:29","Human",1
"438",2,7,"S2","control","S2T6","MFP W7 S2T6","9/17/24 9:03","Human",1
"439",2,7,"S2","control","S2T6","MFP W7 S2T6","9/18/24 12:27","Human",1
"440",2,7,"S2","control","S2T6","MFP W7 S2T6","9/19/24 10:46","Human",NA
"441",2,7,"S2","control","S2T6","MFP W7 S2T6","9/20/24 10:34","Human",1
"442",2,7,"S2","control","S2T6","MFP W7 S2T6","9/21/24 13:14","Human",1
"443",2,7,"S2","control","S2T6","MFP W7 S2T6","9/22/24 9:28","Human",1
"444",2,7,"S2","control","S2T6","MFP W7 S2T6","9/22/24 10:45","Human",1
"445",2,7,"S2","control","S2T7","MFP W7 S2T7","9/16/24 9:14","Human",1
"446",2,7,"S2","control","S2T7","MFP W7 S2T7","9/16/24 12:21","Human",NA
"447",2,7,"S2","control","S2T7","MFP W7 S2T7","9/17/24 10:07","Human",1
"448",2,7,"S2","control","S2T7","MFP W7 S2T7","9/18/24 9:31","Human",2
"449",2,7,"S2","control","S2T7","MFP W7 S2T7","9/19/24 7:29","Human",1
"450",2,7,"S2","control","S2T7","MFP W7 S2T7","9/19/24 10:30","Human",1
"451",2,7,"S2","control","S2T7","MFP W7 S2T7","9/20/24 10:31","Human",NA
"452",2,7,"S2","control","S2T7","MFP W7 S2T7","9/22/24 10:28","Human",NA
"453",2,7,"S2","control","S2T8","MFP W7 S2T8","9/16/24 9:05","Human",NA
"454",2,7,"S2","control","S2T8","MFP W7 S2T8","9/16/24 12:17","Human",NA
"455",2,7,"S2","control","S2T8","MFP W7 S2T8","9/17/24 10:12","Human",NA
"456",2,7,"S2","control","S2T8","MFP W7 S2T8","9/18/24 9:52","Human",NA
"457",2,7,"S2","control","S2T8","MFP W7 S2T8","9/19/24 10:39","Human",NA
"458",2,7,"S2","control","S2T8","MFP W7 S2T8","9/20/24 10:40","Human",NA
"459",2,7,"S2","control","S2T8","MFP W7 S2T8","9/22/24 10:37","Human",NA
"460",2,7,"S2","control","S2T9","MFP W7 S2T9","9/16/24 9:04","Human",NA
"461",2,7,"S2","control","S2T9","MFP W7 S2T9","9/17/24 9:58","Human",1
"462",2,7,"S2","control","S2T9","MFP W7 S2T9","9/18/24 12:31","Human",1
"463",2,7,"S2","control","S2T9","MFP W7 S2T9","9/19/24 12:49","Human",1
"464",2,7,"S2","control","S2T9","MFP W7 S2T9","9/20/24 9:45","Human",1
"465",2,7,"S2","control","S2T9","MFP W7 S2T9","9/21/24 11:02","Human",1
"466",2,7,"S2","control","S2T9","MFP W7 S2T9","9/22/24 11:15","Human",1
"467",2,9,"N2","human","N2T1","MFP W9 N2T1","9/30/24 9:24","Human",NA
"468",2,9,"N2","human","N2T1","MFP W9 N2T1","10/1/24 9:12","Human",NA
"469",2,9,"N2","human","N2T1","MFP W9 N2T1","10/2/24 9:28","Human",NA
"470",2,9,"N2","human","N2T1","MFP W9 N2T1","10/3/24 8:46","Human",NA
"471",2,9,"N2","human","N2T1","MFP W9 N2T1","10/4/24 9:53","Human",NA
"472",2,9,"N2","human","N2T1","MFP W9 N2T1","10/5/24 10:17","Human",NA
"473",2,9,"N2","human","N2T1","MFP W9 N2T1","10/5/24 11:31","Human",NA
"474",2,9,"N2","human","N2T1","MFP W9 N2T1","10/5/24 12:13","Human",NA
"475",2,9,"N2","human","N2T1","MFP W9 N2T1","10/6/24 9:45","Human",NA
"476",2,9,"N2","human","N2T10","MFP W9 N2T10","9/30/24 8:20","Human",1
"477",2,9,"N2","human","N2T10","MFP W9 N2T10","10/1/24 8:18","Human",1
"478",2,9,"N2","human","N2T10","MFP W9 N2T10","10/2/24 8:34","Human",2
"479",2,9,"N2","human","N2T10","MFP W9 N2T10","10/3/24 9:09","Human",1
"480",2,9,"N2","human","N2T10","MFP W9 N2T10","10/4/24 9:07","Human",1
"481",2,9,"N2","human","N2T10","MFP W9 N2T10","10/6/24 8:37","Human",1
"482",2,9,"N2","human","N2T11","MFP W9 N2T11","9/30/24 7:55","Human",NA
"483",2,9,"N2","human","N2T11","MFP W9 N2T11","10/1/24 8:00","Human",NA
"484",2,9,"N2","human","N2T11","MFP W9 N2T11","10/2/24 7:58","Human",NA
"485",2,9,"N2","human","N2T11","MFP W9 N2T11","10/3/24 9:18","Human",1
"486",2,9,"N2","human","N2T11","MFP W9 N2T11","10/4/24 8:46","Human",1
"487",2,9,"N2","human","N2T11","MFP W9 N2T11","10/6/24 8:11","Human",NA
"488",2,9,"N2","human","N2T12","MFP W9 N2T12","9/30/24 8:10","Human",NA
"489",2,9,"N2","human","N2T12","MFP W9 N2T12","10/1/24 8:09","Human",NA
"490",2,9,"N2","human","N2T12","MFP W9 N2T12","10/2/24 8:13","Human",NA
"491",2,9,"N2","human","N2T12","MFP W9 N2T12","10/3/24 9:13","Human",NA
"492",2,9,"N2","human","N2T12","MFP W9 N2T12","10/4/24 8:57","Human",NA
"493",2,9,"N2","human","N2T12","MFP W9 N2T12","10/4/24 12:34","Human",1
"494",2,9,"N2","human","N2T12","MFP W9 N2T12","10/5/24 12:17","Human",NA
"495",2,9,"N2","human","N2T12","MFP W9 N2T12","10/6/24 8:25","Human",NA
"496",2,9,"N2","human","N2T2","MFP W9 N2T2","9/30/24 9:42","Human",1
"497",2,9,"N2","human","N2T2","MFP W9 N2T2","10/1/24 9:22","Human",1
"498",2,9,"N2","human","N2T2","MFP W9 N2T2","10/2/24 7:14","Human",1
"499",2,9,"N2","human","N2T2","MFP W9 N2T2","10/2/24 9:41","Human",1
"500",2,9,"N2","human","N2T2","MFP W9 N2T2","10/3/24 8:38","Human",2
"501",2,9,"N2","human","N2T2","MFP W9 N2T2","10/4/24 10:03","Human",NA
"502",2,9,"N2","human","N2T2","MFP W9 N2T2","10/6/24 10:07","Human",1
"503",2,9,"N2","human","N2T3","MFP W9 N2T3","9/30/24 9:34","Human",1
"504",2,9,"N2","human","N2T3","MFP W9 N2T3","10/1/24 9:17","Human",2
"505",2,9,"N2","human","N2T3","MFP W9 N2T3","10/2/24 9:33","Human",NA
"506",2,9,"N2","human","N2T3","MFP W9 N2T3","10/3/24 8:41","Human",NA
"507",2,9,"N2","human","N2T3","MFP W9 N2T3","10/4/24 9:57","Human",NA
"508",2,9,"N2","human","N2T3","MFP W9 N2T3","10/6/24 10:02","Human",NA
"509",2,9,"N2","human","N2T4","MFP W9 N2T4","9/30/24 9:14","Human",NA
"510",2,9,"N2","human","N2T4","MFP W9 N2T4","10/1/24 9:02","Human",NA
"511",2,9,"N2","human","N2T4","MFP W9 N2T4","10/2/24 9:20","Human",NA
"512",2,9,"N2","human","N2T4","MFP W9 N2T4","10/3/24 8:49","Human",NA
"513",2,9,"N2","human","N2T4","MFP W9 N2T4","10/3/24 11:46","Human",NA
"514",2,9,"N2","human","N2T4","MFP W9 N2T4","10/4/24 9:46","Human",NA
"515",2,9,"N2","human","N2T4","MFP W9 N2T4","10/6/24 9:32","Human",NA
"516",2,9,"N2","human","N2T5","MFP W9 N2T5","9/30/24 9:05","Human",1
"517",2,9,"N2","human","N2T5","MFP W9 N2T5","10/1/24 8:56","Human",1
"518",2,9,"N2","human","N2T5","MFP W9 N2T5","10/2/24 9:12","Human",2
"519",2,9,"N2","human","N2T5","MFP W9 N2T5","10/3/24 8:54","Human",1
"520",2,9,"N2","human","N2T5","MFP W9 N2T5","10/4/24 9:36","Human",3
"521",2,9,"N2","human","N2T5","MFP W9 N2T5","10/6/24 9:16","Human",1
"522",2,9,"N2","human","N2T6","MFP W9 N2T6","9/30/24 8:58","Human",NA
"523",2,9,"N2","human","N2T6","MFP W9 N2T6","10/1/24 8:51","Human",NA
"524",2,9,"N2","human","N2T6","MFP W9 N2T6","10/2/24 9:08","Human",NA
"525",2,9,"N2","human","N2T6","MFP W9 N2T6","10/3/24 8:52","Human",NA
"526",2,9,"N2","human","N2T6","MFP W9 N2T6","10/4/24 9:33","Human",NA
"527",2,9,"N2","human","N2T6","MFP W9 N2T6","10/6/24 9:11","Human",NA
"528",2,9,"N2","human","N2T7","MFP W9 N2T7","9/30/24 8:49","Human",NA
"529",2,9,"N2","human","N2T7","MFP W9 N2T7","10/1/24 8:35","Human",NA
"530",2,9,"N2","human","N2T7","MFP W9 N2T7","10/2/24 8:59","Human",NA
"531",2,9,"N2","human","N2T7","MFP W9 N2T7","10/3/24 8:59","Human",NA
"532",2,9,"N2","human","N2T7","MFP W9 N2T7","10/4/24 9:26","Human",NA
"533",2,9,"N2","human","N2T7","MFP W9 N2T7","10/4/24 12:29","Human",NA
"534",2,9,"N2","human","N2T7","MFP W9 N2T7","10/5/24 12:14","Human",NA
"535",2,9,"N2","human","N2T7","MFP W9 N2T7","10/6/24 9:04","Human",NA
"536",2,9,"N2","human","N2T8","MFP W9 N2T8","9/30/24 8:31","Human",1
"537",2,9,"N2","human","N2T8","MFP W9 N2T8","10/1/24 8:23","Human",1
"538",2,9,"N2","human","N2T8","MFP W9 N2T8","10/2/24 8:45","Human",2
"539",2,9,"N2","human","N2T8","MFP W9 N2T8","10/2/24 10:45","Human",1
"540",2,9,"N2","human","N2T8","MFP W9 N2T8","10/3/24 9:06","Human",1
"541",2,9,"N2","human","N2T8","MFP W9 N2T8","10/4/24 9:14","Human",1
"542",2,9,"N2","human","N2T8","MFP W9 N2T8","10/6/24 8:47","Human",4
"543",2,9,"N2","human","N2T9","MFP W9 N2T9","9/30/24 8:36","Human",NA
"544",2,9,"N2","human","N2T9","MFP W9 N2T9","10/1/24 8:25","Human",NA
"545",2,9,"N2","human","N2T9","MFP W9 N2T9","10/1/24 13:55","Human",1
"546",2,9,"N2","human","N2T9","MFP W9 N2T9","10/2/24 8:49","Human",NA
"547",2,9,"N2","human","N2T9","MFP W9 N2T9","10/3/24 8:56","Human",NA
"548",2,9,"N2","human","N2T9","MFP W9 N2T9","10/4/24 9:16","Human",NA
"549",2,9,"N2","human","N2T9","MFP W9 N2T9","10/4/24 12:26","Human",NA
"550",2,9,"N2","human","N2T9","MFP W9 N2T9","10/6/24 8:39","Human",NA
"551",2,9,"S2","control","S2T1","MFP W9 S2T1","9/30/24 11:23","Human",1
"552",2,9,"S2","control","S2T1","MFP W9 S2T1","10/1/24 10:39","Human",1
"553",2,9,"S2","control","S2T1","MFP W9 S2T1","10/2/24 11:07","Human",1
"554",2,9,"S2","control","S2T1","MFP W9 S2T1","10/3/24 7:29","Human",1
"555",2,9,"S2","control","S2T1","MFP W9 S2T1","10/3/24 9:38","Human",1
"556",2,9,"S2","control","S2T1","MFP W9 S2T1","10/3/24 11:02","Human",1
"557",2,9,"S2","control","S2T1","MFP W9 S2T1","10/4/24 11:03","Human",1
"558",2,9,"S2","control","S2T1","MFP W9 S2T1","10/4/24 12:14","Human",1
"559",2,9,"S2","control","S2T1","MFP W9 S2T1","10/6/24 11:35","Human",1
"560",2,9,"S2","control","S2T10","MFP W9 S2T10","9/30/24 10:18","Human",NA
"561",2,9,"S2","control","S2T10","MFP W9 S2T10","10/1/24 9:50","Human",NA
"562",2,9,"S2","control","S2T10","MFP W9 S2T10","10/2/24 10:15","Human",NA
"563",2,9,"S2","control","S2T10","MFP W9 S2T10","10/3/24 8:18","Human",NA
"564",2,9,"S2","control","S2T10","MFP W9 S2T10","10/4/24 10:34","Human",NA
"565",2,9,"S2","control","S2T10","MFP W9 S2T10","10/6/24 10:52","Human",NA
"566",2,9,"S2","control","S2T11","MFP W9 S2T11","9/30/24 9:57","Human",NA
"567",2,9,"S2","control","S2T11","MFP W9 S2T11","10/1/24 9:34","Human",NA
"568",2,9,"S2","control","S2T11","MFP W9 S2T11","10/2/24 9:53","Human",NA
"569",2,9,"S2","control","S2T11","MFP W9 S2T11","10/3/24 8:26","Human",NA
"570",2,9,"S2","control","S2T11","MFP W9 S2T11","10/4/24 10:15","Human",NA
"571",2,9,"S2","control","S2T11","MFP W9 S2T11","10/6/24 10:29","Human",NA
"572",2,9,"S2","control","S2T12","MFP W9 S2T12","10/1/24 9:44","Human",NA
"573",2,9,"S2","control","S2T12","MFP W9 S2T12","10/2/24 10:08","Human",NA
"574",2,9,"S2","control","S2T12","MFP W9 S2T12","10/3/24 8:19","Human",NA
"575",2,9,"S2","control","S2T12","MFP W9 S2T12","10/3/24 11:08","Human",NA
"576",2,9,"S2","control","S2T12","MFP W9 S2T12","10/4/24 10:25","Human",NA
"577",2,9,"S2","control","S2T12","MFP W9 S2T12","10/6/24 10:42","Human",NA
"578",2,9,"S2","control","S2T2","MFP W9 S2T2","9/30/24 11:14","Human",NA
"579",2,9,"S2","control","S2T2","MFP W9 S2T2","10/1/24 10:35","Human",NA
"580",2,9,"S2","control","S2T2","MFP W9 S2T2","10/2/24 11:01","Human",NA
"581",2,9,"S2","control","S2T2","MFP W9 S2T2","10/3/24 7:38","Human",NA
"582",2,9,"S2","control","S2T2","MFP W9 S2T2","10/4/24 11:05","Human",NA
"583",2,9,"S2","control","S2T2","MFP W9 S2T2","10/6/24 11:33","Human",NA
"584",2,9,"S2","control","S2T3","MFP W9 S2T3","9/30/24 11:08","Human",2
"585",2,9,"S2","control","S2T3","MFP W9 S2T3","10/1/24 10:30","Human",2
"586",2,9,"S2","control","S2T3","MFP W9 S2T3","10/2/24 10:57","Human",1
"587",2,9,"S2","control","S2T3","MFP W9 S2T3","10/3/24 7:39","Human",2
"588",2,9,"S2","control","S2T3","MFP W9 S2T3","10/4/24 11:02","Human",1
"589",2,9,"S2","control","S2T3","MFP W9 S2T3","10/6/24 11:29","Human",1
"590",2,9,"S2","control","S2T4","MFP W9 S2T4","9/30/24 11:00","Human",NA
"591",2,9,"S2","control","S2T4","MFP W9 S2T4","10/1/24 10:22","Human",NA
"592",2,9,"S2","control","S2T4","MFP W9 S2T4","10/2/24 10:50","Human",NA
"593",2,9,"S2","control","S2T4","MFP W9 S2T4","10/3/24 7:50","Human",NA
"594",2,9,"S2","control","S2T4","MFP W9 S2T4","10/3/24 10:53","Human",NA
"595",2,9,"S2","control","S2T4","MFP W9 S2T4","10/4/24 10:58","Human",NA
"596",2,9,"S2","control","S2T5","MFP W9 S2T5","9/30/24 10:51","Human",NA
"597",2,9,"S2","control","S2T5","MFP W9 S2T5","10/2/24 10:44","Human",NA
"598",2,9,"S2","control","S2T5","MFP W9 S2T5","10/3/24 7:53","Human",NA
"599",2,9,"S2","control","S2T5","MFP W9 S2T5","10/3/24 12:35","Human",1
"600",2,9,"S2","control","S2T5","MFP W9 S2T5","10/4/24 10:54","Human",NA
"601",2,9,"S2","control","S2T6","MFP W9 S2T6","10/1/24 10:14","Human",NA
"602",2,9,"S2","control","S2T6","MFP W9 S2T6","10/2/24 10:38","Human",NA
"603",2,9,"S2","control","S2T6","MFP W9 S2T6","10/3/24 9:33","Human",NA
"604",2,9,"S2","control","S2T6","MFP W9 S2T6","10/4/24 9:28","Human",NA
"605",2,9,"S2","control","S2T6","MFP W9 S2T6","10/5/24 12:23","Human",NA
"606",2,9,"S2","control","S2T6","MFP W9 S2T6","10/6/24 15:41","Human",NA
"607",2,9,"S2","control","S2T7","MFP W9 S2T7","9/30/24 10:25","Human",NA
"608",2,9,"S2","control","S2T7","MFP W9 S2T7","10/1/24 9:56","Human",NA
"609",2,9,"S2","control","S2T7","MFP W9 S2T7","10/2/24 10:21","Human",NA
"610",2,9,"S2","control","S2T7","MFP W9 S2T7","10/3/24 8:13","Human",NA
"611",2,9,"S2","control","S2T7","MFP W9 S2T7","10/4/24 10:38","Human",NA
"612",2,9,"S2","control","S2T7","MFP W9 S2T7","10/6/24 10:57","Human",NA
"613",2,9,"S2","control","S2T8","MFP W9 S2T8","9/30/24 10:35","Human",10
"614",2,9,"S2","control","S2T8","MFP W9 S2T8","10/1/24 10:07","Human",10
"615",2,9,"S2","control","S2T8","MFP W9 S2T8","10/2/24 10:30","Human",10
"616",2,9,"S2","control","S2T8","MFP W9 S2T8","10/3/24 8:04","Human",10
"617",2,9,"S2","control","S2T8","MFP W9 S2T8","10/4/24 10:45","Human",10
"618",2,9,"S2","control","S2T8","MFP W9 S2T8","10/6/24 11:09","Human",10
"619",2,9,"S2","control","S2T9","MFP W9 S2T9","9/30/24 9:42","Human",NA
"620",2,9,"S2","control","S2T9","MFP W9 S2T9","9/30/24 10:35","Human",NA
"621",2,9,"S2","control","S2T9","MFP W9 S2T9","10/1/24 10:40","Human",NA
"622",2,9,"S2","control","S2T9","MFP W9 S2T9","10/1/24 11:50","Human",NA
"623",2,9,"S2","control","S2T9","MFP W9 S2T9","10/2/24 10:00","Human",NA
"624",2,9,"S2","control","S2T9","MFP W9 S2T9","10/3/24 8:07","Human",NA
"625",2,9,"S2","control","S2T9","MFP W9 S2T9","10/4/24 10:20","Human",NA
"626",2,9,"S2","control","S2T9","MFP W9 S2T9","10/6/24 10:35","Human",NA
"627",1,1,"N2","control","N2T1","N2T1-1","7/27/24 13:23","Human",1
"628",2,10,"N2","human","N2T1","N2T1-10","10/9/24 10:11","Human",1
"629",2,10,"N2","human","N2T1","N2T1-10","10/11/24 11:47","Human",1
"630",2,10,"N2","human","N2T1","N2T1-10","10/12/24 17:14","Human",1
"631",1,5,"N2","control","N2T1","N2T1-5","8/21/24 9:25","Human",1
"632",1,5,"N2","control","N2T1","N2T1-5","8/27/24 9:15","Human",2
"633",1,5,"N2","control","N2T1","N2T1-5","8/27/24 11:04","Human",1
"634",2,6,"N2","human","N2T1","N2T1-6","9/8/24 9:55","Human",1
"635",2,6,"N2","human","N2T1","N2T1-6","9/12/24 14:06","Human",1
"636",2,8,"N2","human","N2T1","N2T1-8","9/26/24 12:19","Human",3
"637",2,8,"N2","human","N2T1","N2T1-8","9/27/24 10:37","Human",1
"638",2,8,"N2","human","N2T1","N2T1-8","9/29/24 8:42","Human",1
"639",1,1,"N2","control","N2T10","N2T10-1","7/22/24 10:45","Human",1
"640",1,1,"N2","control","N2T10","N2T10-1","7/22/24 14:46","Human",1
"641",2,10,"N2","human","N2T10","N2T10-10","10/9/24 9:41","Human",2
"642",1,1,"N2","control","N2T11","N2T11-1","7/22/24 14:25","Human",1
"643",1,2,"N2","control","N2T11","N2T11-2","7/31/24 11:17","Human",1
"644",2,8,"N2","human","N2T11","N2T11-8","9/23/24 9:34","Human",1
"645",2,10,"N2","human","N2T12","N2T12-10","10/9/24 9:38","Human",1
"646",1,2,"N2","control","N2T12","N2T12-2","7/31/24 10:09","Human",1
"647",1,5,"N2","control","N2T12","N2T12-5","8/21/24 10:00","Human",1
"648",1,5,"N2","control","N2T12","N2T12-5","8/27/24 10:19","Human",1
"649",2,8,"N2","human","N2T12","N2T12-8","9/25/24 15:22","Human",1
"650",1,5,"N2","control","N2T2","N2T2-5","8/21/24 9:18","Human",1
"651",2,6,"N2","human","N2T2","N2T2-6","9/12/24 15:31","Human",1
"652",1,5,"N2","control","N2T3","N2T3-5","8/21/24 9:20","Human",1
"653",2,6,"N2","human","N2T3","N2T3-6","9/15/24 16:29","Human",1
"654",2,6,"N2","human","N2T4","N2T4-6","9/8/24 10:12","Human",1
"655",2,6,"N2","human","N2T4","N2T4-6","9/15/24 14:56","Human",1
"656",2,6,"N2","human","N2T4","N2T4-6","9/15/24 15:45","Human",1
"657",2,8,"N2","human","N2T4","N2T4-8","9/26/24 11:10","Human",1
"658",2,8,"N2","human","N2T4","N2T4-8","9/26/24 11:49","Human",1
"659",1,5,"N2","control","N2T6","N2T6-5","8/21/24 9:32","Human",1
"660",1,1,"N2","control","N2T7","N2T7-1","7/27/24 13:40","Human",1
"661",1,1,"N2","control","N2T7","N2T7-1","7/31/24 12:10","Human",1
"662",2,10,"N2","human","N2T7","N2T7-10","10/9/24 9:14","Human",2
"663",2,10,"N2","human","N2T7","N2T7-10","10/9/24 9:56","Human",1
"664",2,10,"N2","human","N2T7","N2T7-10","10/11/24 18:15","Human",1
"665",2,10,"N2","human","N2T7","N2T7-10","10/12/24 17:22","Human",1
"666",1,5,"N2","control","N2T7","N2T7-5","8/21/24 9:41","Human",1
"667",2,6,"N2","human","N2T7","N2T7-6","9/15/24 14:54","Human",1
"668",2,8,"N2","human","N2T7","N2T7-8","9/26/24 11:07","Human",1
"669",2,8,"N2","human","N2T7","N2T7-8","9/26/24 12:32","Human",1
"670",2,8,"N2","human","N2T7","N2T7-8","9/27/24 10:49","Human",1
"671",2,10,"N2","human","N2T9","N2T9-10","10/9/24 9:47","Human",1
"672",1,3,"N2","control","N2T9","N2T9-3","8/13/24 12:24","Human",1
"673",1,5,"N2","control","N2T9","N2T9-5","8/21/24 10:41","Human",1
"674",2,6,"N2","human","N2T9","N2T9-6","9/8/24 11:40","Human",1
"675",2,6,"N2","human","N2T9","N2T9-6","9/12/24 12:55","Human",1
"676",2,6,"N2","human","N2T9","N2T9-6","9/15/24 14:48","Human",1
"677",2,8,"N2","human","N2T9","N2T9-8","9/26/24 11:01","Human",1
"678",2,8,"N2","human","N2T9","N2T9-8","9/26/24 12:28","Human",1
"679",2,8,"N2","human","N2T9","N2T9-8","9/27/24 10:27","Human",1
"680",2,8,"N2","human","N2T9","N2T9-8","9/29/24 8:29","Human",1
"681",1,1,"S2","human","S2T1","S2T1-1","7/23/24 12:57","Human",1
"682",1,1,"S2","human","S2T1","S2T1-1","7/23/24 15:15","Human",1
"683",1,1,"S2","human","S2T1","S2T1-1","7/23/24 15:51","Human",1
"684",1,1,"S2","human","S2T1","S2T1-1","7/23/24 16:56","Human",1
"685",1,1,"S2","human","S2T1","S2T1-1","7/24/24 8:05","Human",1
"686",1,1,"S2","human","S2T1","S2T1-1","7/24/24 13:26","Human",1
"687",1,1,"S2","human","S2T1","S2T1-1","7/24/24 16:39","Human",1
"688",1,1,"S2","human","S2T1","S2T1-1","7/26/24 17:46","Human",1
"689",1,1,"S2","human","S2T1","S2T1-1","7/27/24 8:51","Human",1
"690",1,1,"S2","human","S2T1","S2T1-1","7/27/24 17:47","Human",1
"691",1,1,"S2","human","S2T1","S2T1-1","7/29/24 14:12","Human",1
"692",1,3,"S2","human","S2T1","S2T1-3","8/7/24 13:14","Human",1
"693",1,3,"S2","human","S2T1","S2T1-3","8/13/24 10:13","Human",1
"694",1,5,"S2","human","S2T1","S2T1-5","8/21/24 8:17","Human",1
"695",1,5,"S2","human","S2T1","S2T1-5","8/23/24 12:18","Human",1
"696",1,5,"S2","human","S2T1","S2T1-5","8/27/24 9:31","Human",1
"697",1,5,"S2","human","S2T1","S2T1-5","8/27/24 12:25","Human",1
"698",1,5,"S2","human","S2T1","S2T1-5","8/27/24 13:20","Human",1
"699",2,6,"S2","control","S2T1","S2T1-6","9/9/24 7:33","Human",1
"700",2,6,"S2","control","S2T1","S2T1-6","9/9/24 8:48","Human",1
"701",2,6,"S2","control","S2T1","S2T1-6","9/12/24 10:58","Human",1
"702",2,6,"S2","control","S2T1","S2T1-6","9/13/24 13:48","Human",2
"703",2,6,"S2","control","S2T1","S2T1-6","9/15/24 12:06","Human",1
"704",2,6,"S2","control","S2T1","S2T1-6","9/16/24 8:55","Human",1
"705",1,5,"S2","human","S2T10","S2T10-5","8/27/24 11:49","Human",1
"706",2,8,"S2","control","S2T10","S2T10-8","9/25/24 16:40","Human",3
"707",1,5,"S2","human","S2T11","S2T11-5","8/21/24 8:58","Human",1
"708",2,6,"S2","control","S2T11","S2T11-6","9/9/24 6:46","Human",1
"709",2,6,"S2","control","S2T11","S2T11-6","9/12/24 10:29","Human",1
"710",2,6,"S2","control","S2T11","S2T11-6","9/13/24 14:15","Human",1
"711",1,1,"S2","human","S2T12","S2T12-1","7/26/24 18:03","Human",2
"712",2,10,"S2","control","S2T12","S2T12-10","10/8/24 15:47","Human",2
"713",2,10,"S2","control","S2T12","S2T12-10","10/9/24 7:57","Human",2
"714",2,10,"S2","control","S2T12","S2T12-10","10/9/24 8:57","Human",1
"715",1,5,"S2","human","S2T1","S2T12-5","8/21/24 9:53","Human",1
"716",1,5,"S2","human","S2T1","S2T12-5","8/27/24 14:07","Human",1
"717",2,6,"S2","control","S2T1","S2T12-6","9/13/24 11:59","Human",1
"718",2,6,"S2","control","S2T1","S2T12-6","9/13/24 13:14","Human",1
"719",2,6,"S2","control","S2T1","S2T12-6","9/13/24 13:52","Human",1
"720",2,8,"S2","control","S2T1","S2T12-8","9/28/24 15:28","Human",1
"721",1,5,"S2","human","S2T2","S2T2-5","8/21/24 9:21","Human",1
"722",2,6,"S2","control","S2T2","S2T2-6","9/16/24 8:07","Human",2
"723",2,8,"S2","control","S2T2","S2T2-8","9/26/24 18:08","Human",1
"724",1,5,"S2","human","S2T3","S2T3-5","8/21/24 8:24","Human",1
"725",1,5,"S2","human","S2T3","S2T3-5","8/27/24 12:33","Human",1
"726",2,6,"S2","control","S2T3","S2T3-6","9/16/24 8:17","Human",1
"727",2,10,"S2","control","S2T4","S2T4-10","10/8/24 13:32","Human",1
"728",2,10,"S2","control","S2T4","S2T4-10","10/8/24 16:05","Human",1
"729",2,10,"S2","control","S2T4","S2T4-10","10/14/24 13:32","Human",1
"730",2,10,"S2","control","S2T4","S2T4-10","10/15/24 8:27","Human",1
"731",1,3,"S2","human","S2T4","S2T4-3","8/11/24 16:06","Human",1
"732",1,5,"S2","human","S2T4","S2T4-5","8/21/24 8:27","Human",1
"733",1,5,"S2","human","S2T4","S2T4-5","8/27/24 12:14","Human",1
"734",2,6,"S2","control","S2T4","S2T4-6","9/11/24 16:10","Human",1
"735",2,6,"S2","control","S2T4","S2T4-6","9/16/24 8:31","Human",1
"736",2,8,"S2","control","S2T4","S2T4-8","9/24/24 17:24","Human",1
"737",1,5,"S2","human","S2T5","S2T5-5","8/21/24 8:31","Human",1
"738",2,6,"S2","control","S2T5","S2T5-6","9/16/24 8:44","Human",1
"739",2,6,"S2","control","S2T6","S2T6","9/9/24 12:09","Human",1
"740",2,6,"S2","control","S2T6","S2T6","9/10/24 10:22","Human",1
"741",2,6,"S2","control","S2T6","S2T6","9/10/24 14:48","Human",1
"742",2,6,"S2","control","S2T6","S2T6","9/13/24 13:03","Human",1
"743",2,6,"S2","control","S2T6","S2T6","9/16/24 8:53","Human",1
"744",1,1,"S2","human","S2T6","S2T6-1","7/24/24 7:02","Human",1
"745",1,1,"S2","human","S2T6","S2T6-1","7/24/24 16:28","Human",1
"746",1,1,"S2","human","S2T6","S2T6-1","7/30/24 9:56","Human",1
"747",1,1,"S2","human","S2T6","S2T6-1","7/30/24 12:16","Human",2
"748",1,1,"S2","human","S2T6","S2T6-1","7/30/24 13:47","Human",3
"749",2,10,"S2","control","S2T6","S2T6-10","10/7/24 7:15","Human",1
"750",2,10,"S2","control","S2T6","S2T6-10","10/7/24 14:21","Human",1
"751",2,10,"S2","control","S2T6","S2T6-10","10/8/24 13:56","Human",2
"752",2,10,"S2","control","S2T6","S2T6-10","10/8/24 15:59","Human",1
"753",2,10,"S2","control","S2T6","S2T6-10","10/9/24 7:48","Human",2
"754",2,10,"S2","control","S2T6","S2T6-10","10/9/24 9:07","Human",1
"755",2,10,"S2","control","S2T6","S2T6-10","10/9/24 9:40","Human",1
"756",2,10,"S2","control","S2T6","S2T6-10","10/9/24 10:29","Human",1
"757",2,10,"S2","control","S2T6","S2T6-10","10/9/24 12:11","Human",1
"758",2,10,"S2","control","S2T6","S2T6-10","10/12/24 13:35","Human",2
"759",2,10,"S2","control","S2T6","S2T6-10","10/13/24 8:27","Human",1
"760",1,3,"S2","human","S2T6","S2T6-3","8/12/24 12:54","Human",2
"761",1,5,"S2","human","S2T6","S2T6-5","8/21/24 8:34","Human",1
"762",1,5,"S2","human","S2T6","S2T6-5","8/21/24 9:49","Human",1
"763",1,5,"S2","human","S2T6","S2T6-5","8/23/24 18:26","Human",1
"764",1,5,"S2","human","S2T6","S2T6-5","8/27/24 8:23","Human",1
"765",1,5,"S2","human","S2T6","S2T6-5","8/27/24 12:41","Human",2
"766",1,5,"S2","human","S2T7","S2T7-5","8/21/24 8:46","Human",1
"767",2,6,"S2","control","S2T7","S2T7-6","9/16/24 9:14","Human",1
"768",2,6,"S2","control","S2T8","S2T8-6","9/16/24 9:05","Human",1
"769",2,10,"S2","control","S2T9","S2T9-10","10/7/24 7:19","Human",2
"770",2,10,"S2","control","S2T9","S2T9-10","10/7/24 14:22","Human",1
"771",2,10,"S2","control","S2T9","S2T9-10","10/7/24 16:05","Human",1
"772",2,10,"S2","control","S2T9","S2T9-10","10/8/24 7:27","Human",2
"773",2,10,"S2","control","S2T9","S2T9-10","10/8/24 9:09","Human",2
"774",2,10,"S2","control","S2T9","S2T9-10","10/9/24 6:44","Human",2
"775",2,10,"S2","control","S2T9","S2T9-10","10/9/24 8:52","Human",1
"776",2,10,"S2","control","S2T9","S2T9-10","10/9/24 9:26","Human",2
"777",2,10,"S2","control","S2T9","S2T9-10","10/9/24 10:19","Human",1
"778",2,10,"S2","control","S2T9","S2T9-10","10/9/24 12:11","Human",1
"779",2,10,"S2","control","S2T9","S2T9-10","10/9/24 14:45","Human",2
"780",2,10,"S2","control","S2T9","S2T9-10","10/10/24 7:57","Human",1
"781",2,10,"S2","control","S2T9","S2T9-10","10/10/24 12:23","Human",1
"782",2,10,"S2","control","S2T9","S2T9-10","10/10/24 16:35","Human",1
"783",2,10,"S2","control","S2T9","S2T9-10","10/10/24 17:17","Human",1
"784",2,10,"S2","control","S2T9","S2T9-10","10/11/24 9:20","Human",1
"785",2,10,"S2","control","S2T9","S2T9-10","10/11/24 11:09","Human",1
"786",2,10,"S2","control","S2T9","S2T9-10","10/11/24 11:42","Human",1
"787",2,10,"S2","control","S2T9","S2T9-10","10/11/24 15:26","Human",1
"788",2,10,"S2","control","S2T9","S2T9-10","10/11/24 17:21","Human",1
"789",2,10,"S2","control","S2T9","S2T9-10","10/12/24 9:42","Human",1
"790",2,10,"S2","control","S2T9","S2T9-10","10/12/24 13:35","Human",2
"791",2,10,"S2","control","S2T9","S2T9-10","10/13/24 14:15","Human",1
"792",2,10,"S2","control","S2T9","S2T9-10","10/13/24 15:59","Human",1
"793",1,5,"S2","human","S2T9","S2T9-5","8/21/24 9:56","Human",1
"794",1,5,"S2","human","S2T9","S2T9-5","8/21/24 11:21","Human",1
"795",1,5,"S2","human","S2T9","S2T9-5","8/21/24 15:53","Human",1
"796",1,5,"S2","human","S2T9","S2T9-5","8/22/24 21:04","Human",1
"797",1,5,"S2","human","S2T9","S2T9-5","8/23/24 8:35","Human",1
"798",1,5,"S2","human","S2T9","S2T9-5","8/23/24 12:22","Human",1
"799",1,5,"S2","human","S2T9","S2T9-5","8/23/24 13:09","Human",1
"800",1,5,"S2","human","S2T9","S2T9-5","8/25/24 9:45","Human",2
"801",1,5,"S2","human","S2T9","S2T9-5","8/25/24 12:17","Human",1
"802",1,5,"S2","human","S2T9","S2T9-5","8/25/24 14:54","Human",1
"803",2,8,"S2","control","S2T9","S2T9-8","9/24/24 9:13","Human",1
"804",2,8,"S2","control","S2T9","S2T9-8","9/25/24 7:20","Human",1
"805",2,8,"S2","control","S2T9","S2T9-8","9/29/24 18:23","Human",1
