"","Boma","BomaID","CarnPresent","CarnSpecies","Proximity","LivestockInjured","LivestockSpeciesInjured","LivestockNumberInjured","LivestockKilled","LivestockSpeciesKilled","LivestockNumberKilled","CarnAttack","Treatment"
"1","Leruso lopiro","Boma1","Yes","Spotted hyena",200,"No",NA,0,"No",NA,0,0,"Humans"
"2","Leseketeti","Boma5","Yes","Leopard",100,"No",NA,0,"No",NA,0,0,"Humans"
"3","Lenaiptari","Boma6","Yes","Leopard",1,"No",NA,0,"Yes","Sheep",1,1,"Humans"
"4","Lengolos","Boma7","Yes","Spotted hyena",400,"No",NA,0,"No",NA,0,0,"Humans"
"5","Lekisima","Boma9","Yes","Spotted hyena",100,"No",NA,0,"No",NA,0,0,"Humans"
"6","Lenaino2","Boma10","Yes","Spotted hyena",100,"No",NA,0,"No",NA,0,0,"Humans"
"7","Nakoyia Lesamaita","Boma11","Yes","Spotted hyena",NA,"No",NA,0,"No",NA,0,0,"Humans"
"8","Kokoroi Telaita","Boma13","Yes","Spotted hyena",100,"No",NA,0,"No",NA,0,0,"Humans"
"9","Long'oria","Boma18","Yes","Spotted hyena",200,"No",NA,0,"No",NA,0,0,"Humans"
"10","Ang'orinyang","Boma19","Yes","Spotted hyena",300,"No",NA,0,"No",NA,0,0,"Humans"
"11","Susan","Boma20","Yes","Spotted hyena",200,"No",NA,0,"No",NA,0,0,"Humans"
"12","Leruso lopiro","Boma1","Yes","Spotted hyena",200,"No",NA,0,"No",NA,0,0,"Humans"
"13","Lesangurikuri","Boma2","Yes","Spotted hyena",50,"No",NA,0,"No",NA,0,0,"Humans"
"14","Lekulal","Boma3","Yes","Spotted hyena",100,"No",NA,0,"No",NA,0,0,"Humans"
"15","Lengolos","Boma7","Yes","Spotted hyena",400,"No",NA,0,"No",NA,0,0,"Humans"
"16","Lekisima","Boma9","Yes","Spotted hyena",100,"No",NA,0,"No",NA,0,0,"Humans"
"17","Lenaino2","Boma10","Yes","Spotted hyena",100,"No",NA,0,"No",NA,0,0,"Humans"
"18","Nakoyia Lesamaita","Boma11","Yes","Spotted hyena",NA,"No",NA,0,"No",NA,0,0,"Humans"
"19","Lesangurikuri2","Boma12","Yes","Spotted hyena",5,"No",NA,0,"No",NA,0,0,"Humans"
"20","Kokoroi Telaita","Boma13","Yes","Spotted hyena",100,"No",NA,0,"No",NA,0,0,"Humans"
"21","Long'oria","Boma18","Yes","Spotted hyena",150,"No",NA,0,"No",NA,0,0,"Humans"
"22","Ang'orinyang","Boma19","Yes","Spotted hyena",200,"No",NA,0,"No",NA,0,0,"Humans"
"23","Susan","Boma20","Yes","Spotted hyena",200,"No",NA,0,"No",NA,0,0,"Humans"
"24","Leruso lopiro","Boma1","Yes","Spotted hyena",100,"No",NA,0,"No",NA,0,0,"Humans"
"25","Lewarani","Boma8","Yes","Spotted hyena",80,"No",NA,0,"No",NA,0,0,"Humans"
"26","Lenaino2","Boma10","Yes","Spotted hyena",50,"No",NA,0,"No",NA,0,0,"Humans"
"27","Nakoyia Lesamaita","Boma11","Yes","Spotted hyena",50,"No",NA,0,"No",NA,0,0,"Humans"
"28","Long'oria","Boma18","Yes","Spotted hyena",NA,"No",NA,0,"No",NA,0,0,"Humans"
"29","Susan","Boma20","Yes","Leopard",200,"No",NA,0,"No",NA,0,0,"Humans"
"30","Leseketeti","Boma5","Yes","Leopard",10,"No",NA,0,"No",NA,0,0,"Humans"
"31","Leseketeti","Boma5","Yes","Leopard",10,"No",NA,0,"No",NA,0,0,"Humans"
"32","Lenaiptari","Boma6","Yes","Leopard",10,"No",NA,0,"No",NA,0,0,"Humans"
"33","Lenaiptari","Boma6","Yes","Leopard",10,"No",NA,0,"No",NA,0,0,"Humans"
"34","Lengolos","Boma7","Yes","Spotted hyenae",100,"No",NA,0,"No",NA,0,0,"Humans"
"35","Lewarani","Boma8","Yes","Spotted hyenae",100,"No",NA,0,"No",NA,0,0,"Humans"
"36","Lekisima","Boma9","Yes","Spotted hyenae",50,"No",NA,0,"No",NA,0,0,"Humans"
"37","Lenaino2","Boma10","Yes","Spotted hyenae",100,"No",NA,0,"No",NA,0,0,"Humans"
"38","Long'oria","Boma18","Yes","Spotted hyenae",300,"No",NA,0,"No",NA,0,0,"Humans"
"39","Ang'orinyang","Boma19","Yes","Spotted hyenae",400,"No",NA,0,"No",NA,0,0,"Humans"
"40","Susan","Boma20","Yes","Spotted hyenae",200,"No",NA,0,"No",NA,0,0,"Humans"
"41","Leseketeti","Boma5","Yes","Leopard",1,"No",NA,0,"Yes","Sheep",1,1,"Crickets"
"42","Lenaiptari","Boma6","Yes","Leopard",1,"No",NA,0,"Yes","Sheep",1,1,"Crickets"
"43","Lesangurikuri","Boma2","Yes","Spotted hyenae",100,"No",NA,0,"No",NA,0,0,"Humans"
"44","Lesangurikuri","Boma2","Yes","Spotted hyenae",100,"No",NA,0,"No",NA,0,0,"Humans"
"45","Leseketeti","Boma5","Yes","Leopard",50,"No",NA,0,"No",NA,0,0,"Crickets"
"46","Leseketeti","Boma5","Yes","Leopard",20,"No",NA,0,"No",NA,0,0,"Crickets"
"47","Lenaiptari","Boma6","Yes","Leopard",50,"No",NA,0,"No",NA,0,0,"Crickets"
"48","Long'oria","Boma18","Yes","Spotted hyenae",300,"No",NA,0,"No",NA,0,0,"Humans"
"49","Susan","Boma20","Yes","Leopard",300,"No",NA,0,"No",NA,0,0,"Humans"
"50","Leruso lopiro","Boma1","Yes","Spotted hyenae",10,"No",NA,0,"No",NA,0,0,"Crickets"
"51","Lesangurikuri","Boma2","Yes","Spotted hyenae",100,"No",NA,0,"No",NA,0,0,"Crickets"
"52","Lekulal","Boma3","Yes","Spotted hyenae",1,"No",NA,0,"No",NA,0,0,"Crickets"
"53","Lenaiptari","Boma6","Yes","Leopard",10,"No",NA,0,"No",NA,0,0,"Crickets"
"54","Lenaiptari","Boma6","Yes","Leopard",15,"No",NA,0,"No",NA,0,0,"Crickets"
"55","Lewarani","Boma8","Yes","Spotted hyenae",10,"No",NA,0,"No",NA,0,0,"Crickets"
"56","Lenaino2","Boma10","Yes","Spotted hyenae",20,"No",NA,0,"No",NA,0,0,"Crickets"
"57","Lenaino2","Boma10","Yes","Spotted hyenae",20,"No",NA,0,"No",NA,0,0,"Crickets"
"58","Nakoyia Lesamaita","Boma11","Yes","Spotted hyenae",20,"No",NA,0,"No",NA,0,0,"Crickets"
"59","Nakoyia Lesamaita","Boma11","Yes","Spotted hyenae",15,"No",NA,0,"No",NA,0,0,"Crickets"
"60","Lesangurikuri2","Boma12","Yes","Spotted hyenae",40,"No",NA,0,"No",NA,0,0,"Crickets"
"61","Long'oria","Boma18","Yes","Leopard",200,"No",NA,0,"No",NA,0,0,"Humans"
"62","Susan","Boma20","Yes","Leopard",400,"No",NA,0,"No",NA,0,0,"Humans"
"63","Leruso lopiro","Boma1","Yes","Spotted hyenae",15,"No",NA,0,"No",NA,0,0,"Crickets"
"64","Lesangurikuri","Boma2","Yes","Spotted hyenae",10,"No",NA,0,"No",NA,0,0,"Crickets"
"65","Lekulal","Boma3","Yes","Spotted hyenae",5,"No",NA,0,"No",NA,0,0,"Crickets"
"66","Leseketeti","Boma5","Yes","Leopard",1,"No",NA,0,"Yes",NA,0,0,"Crickets"
"67","Leseketeti","Boma5","Yes","Leopard",10,"No",NA,0,"No",NA,0,0,"Crickets"
"68","Lenaiptari","Boma6","Yes","Leopard",20,"No",NA,0,"No",NA,0,0,"Crickets"
"69","Lenaiptari","Boma6","Yes","Leopard",15,"No",NA,0,"No",NA,0,0,"Crickets"
"70","Lewarani","Boma8","Yes","Spotted hyenae",50,"No",NA,0,"No",NA,0,0,"Crickets"
"71","Lekisima","Boma9","Yes","Spotted hyenae",5,"No",NA,0,"No",NA,0,0,"Crickets"
"72","Lenaino2","Boma10","Yes","Spotted hyenae",70,"No",NA,0,"No",NA,0,0,"Crickets"
"73","Nakoyia Lesamaita","Boma11","Yes","Spotted hyenae",50,"No",NA,0,"No",NA,0,0,"Crickets"
"74","Nakoyia Lesamaita","Boma11","Yes","Spotted hyenae",20,"No",NA,0,"No",NA,0,0,"Crickets"
"75","Lesangurikuri2","Boma12","Yes","Spotted hyenae",30,"No",NA,0,"No",NA,0,0,"Crickets"
"76","Leruso lopiro","Boma1","Yes","Spotted hyenae",20,"No",NA,0,"No",NA,0,0,"Crickets"
"77","Lesangurikuri","Boma2","Yes","Spotted hyenae",10,"No",NA,0,"No",NA,0,0,"Crickets"
"78","Lekulal","Boma3","Yes","Spotted hyenae",20,"No",NA,0,"No",NA,0,0,"Crickets"
"79","Lenaino","Boma4","Yes","Spotted hyenae",30,"No",NA,0,"No",NA,0,0,"Crickets"
"80","Leseketeti","Boma5","Yes","Leopard",5,"No",NA,0,"No",NA,0,0,"Crickets"
"81","Leseketeti","Boma5","Yes","Leopard",20,"No",NA,0,"No",NA,0,0,"Crickets"
"82","Lenaiptari","Boma6","Yes","Leopard",25,"No",NA,0,"No",NA,0,0,"Crickets"
"83","Lenaiptari","Boma6","Yes","Leopard",50,"No",NA,0,"No",NA,0,0,"Crickets"
"84","Lengolos","Boma7","Yes","Spotted hyenae",100,"No",NA,0,"No",NA,0,0,"Crickets"
"85","Lewarani","Boma8","Yes","Spotted hyenae",50,"No",NA,0,"No",NA,0,0,"Crickets"
"86","Lekisima","Boma9","Yes","Spotted hyenae",5,"No",NA,0,"No",NA,0,0,"Crickets"
"87","Lenaino2","Boma10","Yes","Spotted hyenae",80,"No",NA,0,"No",NA,0,0,"Crickets"
"88","Nakoyia Lesamaita","Boma11","Yes","Spotted hyenae",15,"No",NA,0,"No",NA,0,0,"Crickets"
"89","Long'oria","Boma18","Yes","Spotted hyenae",100,"No",NA,0,"No",NA,0,0,"Crickets"
"90","Ang'orinyang","Boma19","Yes","Spotted hyenae",1,"Yes","Sheep",1,"No",NA,0,1,"Crickets"
"91","Susan","Boma20","Yes","Spotted hyenae",200,"No",NA,0,"No",NA,0,0,"Crickets"
"92","Leruso lopiro","Boma1","Yes","Spotted hyenae",10,"No",NA,0,"No",NA,0,0,"Crickets"
"93","Leruso lopiro","Boma1","Yes","Spotted hyenae",20,"No",NA,0,"No",NA,0,0,"Crickets"
"94","Leruso lopiro","Boma1","Yes","Spotted hyenae",5,"No",NA,0,"No",NA,0,0,"Crickets"
"95","Lesangurikuri","Boma2","Yes","Spotted hyenae",5,"No",NA,0,"No",NA,0,0,"Crickets"
"96","Lesangurikuri","Boma2","Yes","Spotted hyenae",5,"No",NA,0,"No",NA,0,0,"Crickets"
"97","Lekulal","Boma3","Yes","Spotted hyenae",10,"No",NA,0,"No",NA,0,0,"Crickets"
"98","Lenaino","Boma4","Yes","Spotted hyenae",5,"No",NA,0,"No",NA,0,0,"Crickets"
"99","Leseketeti","Boma5","Yes","Leopard",1,"Yes","Dog",1,"No",NA,0,1,"Crickets"
"100","Leseketeti","Boma5","Yes","Leopard",5,"No",NA,0,"No",NA,0,0,"Crickets"
"101","Lenaiptari","Boma6","Yes","Leopard",1,"Yes","Sheep",1,"Yes","Sheep",2,3,"Crickets"
"102","Lenaiptari","Boma6","Yes","Leopard",10,"No",NA,0,"No",NA,0,0,"Crickets"
"103","Lengolos","Boma7","Yes","Spotted hyenae",5,"No",NA,0,"No",NA,0,0,"Crickets"
"104","Lengolos","Boma7","Yes","Spotted hyenae",1,"No",NA,0,"No",NA,0,0,"Crickets"
"105","Lengolos","Boma7","Yes","Spotted hyenae",1,"No",NA,0,"No",NA,0,0,"Crickets"
"106","Lengolos","Boma7","Yes","Spotted hyenae",2,"No",NA,0,"No",NA,0,0,"Crickets"
"107","Lekisima","Boma9","Yes","Spotted hyenae",2,"No",NA,0,"No",NA,0,0,"Crickets"
"108","Lenaino2","Boma10","Yes","Spotted hyenae",2,"No",NA,0,"No",NA,0,0,"Crickets"
"109","Nakoyia Lesamaita","Boma11","Yes","Spotted hyenae",15,"No",NA,0,"No",NA,0,0,"Crickets"
"110","Lesangurikuri2","Boma12","Yes","Spotted hyenae",5,"No",NA,0,"No",NA,0,0,"Crickets"
"111","Lesangurikuri2","Boma12","Yes","Spotted hyenae",10,"No",NA,0,"No",NA,0,0,"Crickets"
"112","Lesangurikuri2","Boma12","Yes","Spotted hyenae",1,"No",NA,0,"No",NA,0,0,"Crickets"
"113","Long'oria","Boma18","Yes","Spotted hyenae",20,"No",NA,0,"No",NA,0,0,"Crickets"
"114","Ang'orinyang","Boma19","Yes","Leopard",10,"No",NA,0,"No",NA,0,0,"Crickets"
"115","Susan","Boma20","Yes","Leopard",1,"Yes","Goat",1,"No",NA,0,1,"Crickets"
