Farm,Date,Day,Ele-present,Signs,Proximity(m),Cropdamaged,Cropspeciedamaged,Areasizedamaged(mxm),Area(m2),DogPresent,GuardPresent,SleepHours,Speaker,Treatment,X,Y,Comments
1,22-Sep-25,Monday,Yes,Footprints,200,No,NA,0,0,,,,Yes,Humans,36.59634,0.10047,They raided nearby farm
1,23-Sep-25,Tuesday,No,NA,NA,No,NA,0,0,,,,Yes,Humans,36.59634,0.10047,
1,24-Sep-25,Wednesday,No,NA,NA,No,NA,0,0,,,,Yes,Humans,36.59634,0.10047,
1,25-Sep-25,Thursday,No,NA,NA,No,NA,0,0,,,,Yes,Humans,36.59634,0.10047,
1,26-Sep-25,Friday,No,NA,NA,No,NA,0,0,,,,Yes,Humans,36.59634,0.10047,
1,27-Sep-25,Saturday,No,NA,NA,No,NA,0,0,,,,Yes,Humans,36.59634,0.10047,
1,28-Sep-25,Sunday,No,NA,NA,No,NA,0,0,,,,Yes,Humans,36.59634,0.10047,
1,29-Sep-25,Monday,No,NA,NA,No,NA,0,0,,,,Yes,Humans,36.59634,0.10047,
1,30-Sep-25,Tuesday,No,NA,NA,No,NA,0,0,,,,Yes,Humans,36.59634,0.10047,
1,1-Oct-25,Wednesday,No,NA,NA,No,NA,0,0,,,,Yes,Humans,36.59634,0.10047,
1,2-Oct-25,Thursday,No,NA,NA,No,NA,0,0,,,,Yes,Humans,36.59634,0.10047,
1,3-Oct-25,Friday,No,NA,NA,No,NA,0,0,,,,Yes,Humans,36.59634,0.10047,
1,4-Oct-25,Saturday,Yes,Footprints,100,No,None,0,0,,,,Yes,Humans,36.59634,0.10047,
1,5-Oct-25,Sunday,No,NA,NA,No,NA,0,0,,,,Yes,Humans,36.59634,0.10047,
1,6-Oct-25,Monday,No,NA,NA,No,NA,0,0,,,,Yes,Humans,36.59634,0.10047,
1,7-Oct-25,Tuesday,No,NA,NA,No,NA,0,0,,,,Yes,Humans,36.59634,0.10047,
1,8-Oct-25,Wednesday,No,NA,NA,No,NA,0,0,,,,Yes,Humans,36.59634,0.10047,
1,9-Oct-25,Thursday,No,NA,NA,No,NA,0,0,,,,Yes,Humans,36.59634,0.10047,
1,10-Oct-25,Friday,No,NA,NA,No,NA,0,0,,,,Yes,Humans,36.59634,0.10047,
1,11-Oct-25,Saturday,No,NA,NA,No,NA,0,0,,,,Yes,Humans,36.59634,0.10047,
1,12-Oct-25,Sunday,No,NA,NA,No,NA,0,0,,,,Yes,Humans,36.59634,0.10047,
1,13-Oct-25,Monday,No,NA,NA,No,NA,0,0,,,,Yes,Humans,36.59634,0.10047,
1,14-Oct-25,Tuesday,No,NA,NA,No,NA,0,0,,,,Yes,Humans,36.59634,0.10047,
1,15-Oct-25,Wednesday,Yes,"Live Sightings,  Footprints",150,No,None,0,0,,,,Yes,Humans,36.59634,0.10047,"Elephants stood for some minutes as the speaker was playing, then they went away"
1,16-Oct-25,Thursday,No,NA,NA,No,NA,0,0,,,,Yes,Humans,36.59634,0.10047,
1,17-Oct-25,Friday,No,NA,NA,No,NA,0,0,,,,Yes,Humans,36.59634,0.10047,
1,18-Oct-25,Saturday,No,NA,NA,No,NA,0,0,,,,Yes,Humans,36.59634,0.10047,
1,19-Oct-25,Sunday,No,NA,NA,No,NA,0,0,,,,Yes,Humans,36.59634,0.10047,
1,20-Oct-25,Monday,No,NA,NA,No,NA,0,0,,,,Yes,Humans,36.59634,0.10047,
1,21-Oct-25,Tuesday,No,NA,NA,No,NA,0,0,,,,Yes,Humans,36.59634,0.10047,
1,22-Oct-25,Wednesday,No,NA,NA,No,NA,0,0,,,,Yes,Crickets,36.59634,0.10047,
1,23-Oct-25,Thursday,No,NA,NA,No,NA,0,0,,,,Yes,Crickets,36.59634,0.10047,
1,24-Oct-25,Friday,No,NA,NA,No,NA,0,0,,,,Yes,Crickets,36.59634,0.10047,
1,25-Oct-25,Saturday,No,NA,NA,No,NA,0,0,,,,Yes,Crickets,36.59634,0.10047,
1,26-Oct-25,Sunday,No,NA,NA,No,NA,0,0,,,,Yes,Crickets,36.59634,0.10047,
1,27-Oct-25,Monday,No,NA,NA,No,NA,0,0,,,,Yes,Crickets,36.59634,0.10047,
1,28-Oct-25,Tuesday,No,NA,NA,No,NA,0,0,,,,Yes,Crickets,36.59634,0.10047,
1,29-Oct-25,Wednesday,No,NA,NA,No,NA,0,0,,,,Yes,Crickets,36.59634,0.10047,
1,30-Oct-25,Thursday,No,NA,NA,No,NA,0,0,,,,Yes,Crickets,36.59634,0.10047,
1,31-Oct-25,Friday,No,NA,NA,No,NA,0,0,,,,Yes,Crickets,36.59634,0.10047,
1,1-Nov-25,Saturday,No,NA,NA,No,NA,0,0,,,,Yes,Crickets,36.59634,0.10047,
1,2-Nov-25,Sunday,No,NA,NA,No,NA,0,0,,,,Yes,Crickets,36.59634,0.10047,
1,3-Nov-25,Monday,No,NA,NA,No,NA,0,0,,,,Yes,Crickets,36.59634,0.10047,
1,4-Nov-25,Tuesday,No,NA,NA,No,NA,0,0,,,,Yes,Crickets,36.59634,0.10047,
1,5-Nov-25,Wednesday,No,NA,NA,No,NA,0,0,,,,Yes,Crickets,36.59634,0.10047,
1,6-Nov-25,Thursday,No,NA,NA,No,NA,0,0,,,,Yes,Crickets,36.59634,0.10047,
1,7-Nov-25,Friday,No,NA,NA,No,NA,0,0,,,,Yes,Crickets,36.59634,0.10047,
1,8-Nov-25,Saturday,Yes,"Sighted, footprints",20,No,None,0,0,,,,Yes,Crickets,36.59634,0.10047,The neighbors farm raided by elephants
1,9-Nov-25,Sunday,No,NA,NA,No,NA,0,0,,,,Yes,Crickets,36.59634,0.10047,
1,10-Nov-25,Monday,No,NA,NA,No,NA,0,0,,,,Yes,Crickets,36.59634,0.10047,
1,11-Nov-25,Tuesday,No,NA,NA,No,NA,0,0,,,,Yes,Crickets,36.59634,0.10047,
1,12-Nov-25,Wednesday,Yes,"Sighted, footprints",20,Yes,Maize,10X2,20,,,,Yes,Crickets,36.59634,0.10047,
1,13-Nov-25,Thursday,No,NA,NA,No,NA,0,0,,,,Yes,Crickets,36.59634,0.10047,
1,14-Nov-25,Friday,No,NA,NA,No,NA,0,0,,,,Yes,Crickets,36.59634,0.10047,
1,15-Nov-25,Saturday,Yes,"Sighted, footprints",50,No,None,0,0,,,,Yes,Crickets,36.59634,0.10047,The neighbors farm raided by elephants
1,16-Nov-25,Sunday,No,NA,NA,No,NA,0,0,,,,Yes,Crickets,36.59634,0.10047,
1,17-Nov-25,Monday,No,NA,NA,No,NA,0,0,,,,Yes,Crickets,36.59634,0.10047,
1,18-Nov-25,Tuesday,No,NA,NA,No,NA,0,0,,,,Yes,Crickets,36.59634,0.10047,
1,19-Nov-25,Wednesday,No,NA,NA,No,NA,0,0,,,,Yes,Crickets,36.59634,0.10047,
1,20-Nov-25,Thursday,No,NA,NA,No,NA,0,0,,,,Yes,Crickets,36.59634,0.10047,
1,21-Nov-25,Friday,No,NA,NA,No,NA,0,0,,,,Yes,Crickets,36.59634,0.10047,
1,22-Nov-25,Saturday,No,NA,NA,No,NA,0,0,,,,Yes,Crickets,36.59634,0.10047,
1,23-Nov-25,Sunday,No,NA,NA,No,NA,0,0,,,,Yes,Crickets,36.59634,0.10047,
1,24-Nov-25,Monday,No,NA,NA,No,NA,0,0,,,,Yes,Crickets,36.59634,0.10047,
1,25-Nov-25,Tuesday,No,NA,NA,No,NA,0,0,,,,Yes,Crickets,36.59634,0.10047,
2,22-Sep-25,Monday,No,NA,NA,No,NA,0,0,,,,Yes,Humans,36.59585,0.10365,
2,23-Sep-25,Tuesday,No,NA,NA,No,NA,0,0,,,,Yes,Humans,36.59585,0.10365,
2,24-Sep-25,Wednesday,Yes,Footprints,400,No,None,0,0,,,,Yes,Humans,36.59585,0.10365,"Light detterents are also needed to comp,ement acoustic deterrent"
2,25-Sep-25,Thursday,No,NA,NA,No,NA,0,0,,,,Yes,Humans,36.59585,0.10365,
2,26-Sep-25,Friday,No,NA,NA,No,NA,0,0,,,,Yes,Humans,36.59585,0.10365,
2,27-Sep-25,Saturday,No,NA,NA,No,NA,0,0,,,,Yes,Humans,36.59585,0.10365,
2,28-Sep-25,Sunday,No,NA,NA,No,NA,0,0,,,,Yes,Humans,36.59585,0.10365,
2,29-Sep-25,Monday,No,NA,NA,No,NA,0,0,,,,Yes,Humans,36.59585,0.10365,
2,30-Sep-25,Tuesday,No,NA,NA,No,NA,0,0,,,,Yes,Humans,36.59585,0.10365,
2,1-Oct-25,Wednesday,No,NA,NA,No,NA,0,0,,,,Yes,Humans,36.59585,0.10365,
2,2-Oct-25,Thursday,No,NA,NA,No,NA,0,0,,,,Yes,Humans,36.59585,0.10365,
2,3-Oct-25,Friday,No,NA,NA,No,NA,0,0,,,,Yes,Humans,36.59585,0.10365,
2,4-Oct-25,Saturday,Yes,Footprints,300,No,None,0,0,,,,Yes,Humans,36.59585,0.10365,
2,5-Oct-25,Sunday,No,NA,NA,No,NA,0,0,,,,Yes,Humans,36.59585,0.10365,
2,6-Oct-25,Monday,No,NA,NA,No,NA,0,0,,,,Yes,Humans,36.59585,0.10365,
2,7-Oct-25,Tuesday,No,NA,NA,No,NA,0,0,,,,Yes,Humans,36.59585,0.10365,
2,8-Oct-25,Wednesday,No,NA,NA,No,NA,0,0,,,,Yes,Humans,36.59585,0.10365,
2,9-Oct-25,Thursday,No,NA,NA,No,NA,0,0,,,,Yes,Humans,36.59585,0.10365,
2,10-Oct-25,Friday,No,NA,NA,No,NA,0,0,,,,Yes,Humans,36.59585,0.10365,
2,11-Oct-25,Saturday,No,NA,NA,No,NA,0,0,,,,Yes,Humans,36.59585,0.10365,
2,12-Oct-25,Sunday,No,NA,NA,No,NA,0,0,,,,Yes,Humans,36.59585,0.10365,
2,13-Oct-25,Monday,No,NA,NA,No,NA,0,0,,,,Yes,Humans,36.59585,0.10365,
2,14-Oct-25,Tuesday,Yes,Footprints,30,No,None,0,0,,,,Yes,Humans,36.59585,0.10365,
2,15-Oct-25,Wednesday,No,NA,NA,No,NA,0,0,,,,Yes,Humans,36.59585,0.10365,
2,16-Oct-25,Thursday,No,NA,NA,No,NA,0,0,,,,Yes,Humans,36.59585,0.10365,
2,17-Oct-25,Friday,No,NA,NA,No,NA,0,0,,,,Yes,Humans,36.59585,0.10365,
2,18-Oct-25,Saturday,No,NA,NA,No,NA,0,0,,,,Yes,Humans,36.59585,0.10365,
2,19-Oct-25,Sunday,No,NA,NA,No,NA,0,0,,,,Yes,Humans,36.59585,0.10365,
2,20-Oct-25,Monday,No,NA,NA,No,NA,0,0,,,,Yes,Humans,36.59585,0.10365,
2,30-Oct-25,Thursday,No,NA,NA,No,NA,0,0,,,,Yes,Crickets,36.59585,0.10365,
2,31-Oct-25,Friday,No,NA,NA,No,NA,0,0,,,,Yes,Crickets,36.59585,0.10365,
2,1-Nov-25,Saturday,Yes,Footprints,20,No,None,0,0,,,,Yes,Crickets,36.59585,0.10365,
2,2-Nov-25,Sunday,No,NA,NA,No,NA,0,0,,,,Yes,Crickets,36.59585,0.10365,
2,3-Nov-25,Monday,No,NA,NA,No,NA,0,0,,,,Yes,Crickets,36.59585,0.10365,
2,4-Nov-25,Tuesday,No,NA,NA,No,NA,0,0,,,,Yes,Crickets,36.59585,0.10365,
2,5-Nov-25,Wednesday,No,NA,NA,No,NA,0,0,,,,Yes,Crickets,36.59585,0.10365,
2,6-Nov-25,Thursday,No,NA,NA,No,NA,0,0,,,,Yes,Crickets,36.59585,0.10365,
2,7-Nov-25,Friday,No,NA,NA,No,NA,0,0,,,,Yes,Crickets,36.59585,0.10365,
2,8-Nov-25,Saturday,No,NA,NA,No,NA,0,0,,,,Yes,Crickets,36.59585,0.10365,
2,9-Nov-25,Sunday,Yes,Footprints,50,No,None,0,0,,,,Yes,Crickets,36.59585,0.10365,"I woke upon hearing farmers shouting to the elephants , I torched them and they avoided my farm"
2,10-Nov-25,Monday,No,NA,NA,No,NA,0,0,,,,Yes,Crickets,36.59585,0.10365,
2,11-Nov-25,Tuesday,No,NA,NA,No,NA,0,0,,,,Yes,Crickets,36.59585,0.10365,
2,12-Nov-25,Wednesday,No,NA,NA,No,NA,0,0,,,,Yes,Crickets,36.59585,0.10365,
2,13-Nov-25,Thursday,No,NA,NA,No,NA,0,0,,,,Yes,Crickets,36.59585,0.10365,
2,14-Nov-25,Friday,No,NA,NA,No,NA,0,0,,,,Yes,Crickets,36.59585,0.10365,
2,15-Nov-25,Sunday,Yes,Footprints,50,No,None,0,0,,,,Yes,Crickets,36.59585,0.10365,"I woke upon hearing farmers shouting to the elephants , I torched them and they avoided my farm"
2,16-Nov-25,Sunday,No,NA,NA,No,NA,0,0,,,,Yes,Crickets,36.59585,0.10365,
2,17-Nov-25,Monday,No,NA,NA,No,NA,0,0,,,,Yes,Crickets,36.59585,0.10365,
2,18-Nov-25,Tuesday,Yes,Footprints,20,Yes,Maize,2X2,4,,,,Yes,Crickets,36.59585,0.10365,"I woke upon hearing farmers shouting to the elephants , I torched them and they avoided my farm"
2,19-Nov-25,Wednesday,No,NA,NA,No,NA,0,0,,,,Yes,Crickets,36.59585,0.10365,
2,20-Nov-25,Thursday,No,NA,NA,No,NA,0,0,,,,Yes,Crickets,36.59585,0.10365,
2,21-Nov-25,Friday,No,NA,NA,No,NA,0,0,,,,Yes,Crickets,36.59585,0.10365,
2,22-Nov-25,Saturday,No,NA,NA,No,NA,0,0,,,,Yes,Crickets,36.59585,0.10365,
2,23-Nov-25,Sunday,No,NA,NA,No,NA,0,0,,,,Yes,Crickets,36.59585,0.10365,
3,22-Sep-25,Monday,No,NA,NA,No,NA,0,0,,,,Yes,Humans,36.59547,0.10598,
3,23-Sep-25,Tuesday,No,NA,NA,No,NA,0,0,,,,Yes,Humans,36.59547,0.10598,
3,24-Sep-25,Wednesday,Yes,Footprints,200,No,None,0,0,,,,Yes,Humans,36.59547,0.10598,They raided nearby farm
3,25-Sep-25,Thursday,No,NA,NA,No,NA,0,0,,,,Yes,Humans,36.59547,0.10598,
3,26-Sep-25,Friday,No,NA,NA,No,NA,0,0,,,,Yes,Humans,36.59547,0.10598,
3,27-Sep-25,Saturday,No,NA,NA,No,NA,0,0,,,,Yes,Humans,36.59547,0.10598,
3,28-Sep-25,Sunday,No,NA,NA,No,NA,0,0,,,,Yes,Humans,36.59547,0.10598,
3,29-Sep-25,Monday,No,NA,NA,No,NA,0,0,,,,Yes,Humans,36.59547,0.10598,
3,30-Sep-25,Tuesday,No,NA,NA,No,NA,0,0,,,,Yes,Humans,36.59547,0.10598,
3,1-Oct-25,Wednesday,No,NA,NA,No,NA,0,0,,,,Yes,Humans,36.59547,0.10598,
3,2-Oct-25,Thursday,No,NA,NA,No,NA,0,0,,,,Yes,Humans,36.59547,0.10598,
3,3-Oct-25,Friday,No,NA,NA,No,NA,0,0,,,,Yes,Humans,36.59547,0.10598,
3,4-Oct-25,Saturday,Yes,Footprints,100,No,None,0,0,,,,Yes,Humans,36.59547,0.10598,
3,5-Oct-25,Sunday,No,NA,NA,No,NA,0,0,,,,Yes,Humans,36.59547,0.10598,
3,6-Oct-25,Monday,No,NA,NA,No,NA,0,0,,,,Yes,Humans,36.59547,0.10598,
3,7-Oct-25,Tuesday,No,NA,NA,No,NA,0,0,,,,Yes,Humans,36.59547,0.10598,
3,8-Oct-25,Wednesday,Yes,Footprints,,No,None,0,0,,,,Yes,Humans,36.59547,0.10598,
3,9-Oct-25,Thursday,No,NA,NA,No,NA,0,0,,,,Yes,Humans,36.59547,0.10598,
3,10-Oct-25,Friday,No,NA,NA,No,NA,0,0,,,,Yes,Humans,36.59547,0.10598,
3,11-Oct-25,Saturday,No,NA,NA,No,NA,0,0,,,,Yes,Humans,36.59547,0.10598,
3,12-Oct-25,Sunday,No,NA,NA,No,NA,0,0,,,,Yes,Humans,36.59547,0.10598,
3,13-Oct-25,Monday,No,NA,NA,No,NA,0,0,,,,Yes,Humans,36.59547,0.10598,
3,14-Oct-25,Tuesday,Yes,Footprints,100,No,None,0,0,,,,Yes,Humans,36.59547,0.10598,Recommend flashlights as an additional deterent
3,15-Oct-25,Wednesday,No,NA,NA,No,NA,0,0,,,,Yes,Humans,36.59547,0.10598,
3,16-Oct-25,Thursday,No,NA,NA,No,NA,0,0,,,,Yes,Humans,36.59547,0.10598,
3,17-Oct-25,Friday,No,NA,NA,No,NA,0,0,,,,Yes,Humans,36.59547,0.10598,
3,18-Oct-25,Saturday,No,NA,NA,No,NA,0,0,,,,Yes,Humans,36.59547,0.10598,
3,19-Oct-25,Sunday,No,NA,NA,No,NA,0,0,,,,Yes,Humans,36.59547,0.10598,
3,20-Oct-25,Monday,No,NA,NA,No,NA,0,0,,,,Yes,Humans,36.59547,0.10598,
3,30-Oct-25,Thursday,No,NA,NA,No,NA,0,0,,,,Yes,Crickets,36.59547,0.10598,
3,31-Oct-25,Friday,No,NA,NA,No,NA,0,0,,,,Yes,Crickets,36.59547,0.10598,
3,1-Nov-25,Saturday,Yes,Footprints,10,Yes,Irish potatoes,2X4,8,,,,Yes,Crickets,36.59547,0.10598,We recommend the use of light deterrents
3,2-Nov-25,Sunday,Yes,Footprints,5,Yes,Irish potatoes,10X2,20,,,,Yes,Crickets,36.59547,0.10598,
3,3-Nov-25,Monday,Yes,Footprints,10,Yes,Irish potatoes,5X5,25,,,,Yes,Crickets,36.59547,0.10598,
3,4-Nov-25,Tuesday,Yes,Footprints,5,Yes,Irish potatoes,2X4,8,,,,Yes,Crickets,36.59547,0.10598,
3,5-Nov-25,Wednesday,Yes,Footprints,10,Yes,Irish potatoes,1X5,5,,,,Yes,Crickets,36.59547,0.10598,
3,6-Nov-25,Thursday,No,NA,NA,No,NA,0,0,,,,Yes,Crickets,36.59547,0.10598,
3,7-Nov-25,Friday,No,NA,NA,No,NA,0,0,,,,Yes,Crickets,36.59547,0.10598,
3,8-Nov-25,Saturday,No,NA,NA,No,NA,0,0,,,,Yes,Crickets,36.59547,0.10598,
3,9-Nov-25,Sunday,Yes,Footprints,10,Yes,Irish potatoes,5X5,25,,,,Yes,Crickets,36.59547,0.10598,We recommend the use of light deterrents
3,10-Nov-25,Monday,Yes,Footprints,5,Yes,Irish potatoes,2X4,8,,,,Yes,Crickets,36.59547,0.10598,
3,11-Nov-25,Tuesday,Yes,Footprints,10,Yes,Irish potatoes,1X5,5,,,,Yes,Crickets,36.59547,0.10598,
3,12-Nov-25,Wednesday,No,NA,NA,No,NA,0,0,,,,Yes,Crickets,36.59547,0.10598,
3,13-Nov-25,Thursday,No,NA,NA,No,NA,0,0,,,,Yes,Crickets,36.59547,0.10598,
3,14-Nov-25,Friday,No,NA,NA,No,NA,0,0,,,,Yes,Crickets,36.59547,0.10598,
3,15-Nov-25,Saturday,No,NA,NA,No,NA,0,0,,,,Yes,Crickets,36.59547,0.10598,
3,16-Nov-25,Sunday,No,NA,NA,No,NA,0,0,,,,Yes,Crickets,36.59547,0.10598,
3,17-Nov-25,Monday,No,NA,NA,No,NA,0,0,,,,Yes,Crickets,36.59547,0.10598,
3,18-Nov-25,Tuesday,Yes,Footprints,10,Yes,Irish potatoes,10X3,30,,,,Yes,Crickets,36.59547,0.10598,We recommend the use of light deterrents
3,19-Nov-25,Wednesday,Yes,Footprints,5,Yes,Irish potatoes,2X4,8,,,,Yes,Crickets,36.59547,0.10598,
3,20-Nov-25,Thursday,No,NA,NA,No,NA,0,0,,,,Yes,Crickets,36.59547,0.10598,
3,21-Nov-25,Friday,Yes,Footprints,10,Yes,Irish potatoes,1X5,5,,,,Yes,Crickets,36.59547,0.10598,
3,22-Nov-25,Saturday,No,NA,NA,No,NA,0,0,,,,Yes,Crickets,36.59547,0.10598,
3,23-Nov-25,Sunday,No,NA,NA,No,NA,0,0,,,,Yes,Crickets,36.59547,0.10598,
4,22-Sep-25,Monday,No,NA,NA,No,NA,0,0,0,,,Yes,Humans,36.59283,0.10838,
4,23-Sep-25,Tuesday,No,NA,NA,No,NA,0,0,0,,,Yes,Humans,36.59283,0.10838,
4,24-Sep-25,Wednesday,No,NA,NA,No,NA,0,0,0,,,Yes,Humans,36.59283,0.10838,
4,25-Sep-25,Thursday,No,NA,NA,No,NA,0,0,0,,,Yes,Humans,36.59283,0.10838,
4,26-Sep-25,Friday,No,NA,NA,No,NA,0,0,0,,,Yes,Humans,36.59283,0.10838,
4,27-Sep-25,Saturday,No,NA,NA,No,NA,0,0,0,,,Yes,Humans,36.59283,0.10838,
4,28-Sep-25,Sunday,No,NA,NA,No,NA,0,0,0,,,Yes,Humans,36.59283,0.10838,
4,29-Sep-25,Monday,No,NA,NA,No,NA,0,0,0,,,Yes,Humans,36.59283,0.10838,
4,30-Sep-25,Tuesday,No,NA,NA,No,NA,0,0,0,,,Yes,Humans,36.59283,0.10838,
4,1-Oct-25,Wednesday,No,NA,NA,No,NA,0,0,0,,,Yes,Humans,36.59283,0.10838,
4,2-Oct-25,Thursday,No,NA,NA,No,NA,0,0,0,,,Yes,Humans,36.59283,0.10838,
4,3-Oct-25,Friday,No,NA,NA,No,NA,0,0,0,,,Yes,Humans,36.59283,0.10838,
4,4-Oct-25,Saturday,Yes,Sighted,200,No,None,0,0,0,,,Yes,Humans,36.59283,0.10838,
4,5-Oct-25,Sunday,No,NA,NA,No,NA,0,0,0,,,Yes,Humans,36.59283,0.10838,
4,6-Oct-25,Monday,No,NA,NA,No,NA,0,0,0,,,Yes,Humans,36.59283,0.10838,
4,7-Oct-25,Tuesday,No,NA,NA,No,NA,0,0,0,,,Yes,Humans,36.59283,0.10838,
4,8-Oct-25,Wednesday,Yes,"Damaged crops, footprints",20,Yes,Cabbage,10X5,50,0,,,Yes,Humans,36.59283,0.10838,
4,9-Oct-25,Thursday,No,NA,NA,No,NA,0,0,0,,,Yes,Humans,36.59283,0.10838,
4,10-Oct-25,Friday,No,NA,NA,No,NA,0,0,0,,,Yes,Humans,36.59283,0.10838,
4,11-Oct-25,Saturday,No,NA,NA,No,NA,0,0,0,,,Yes,Humans,36.59283,0.10838,
4,12-Oct-25,Sunday,No,NA,NA,No,NA,0,0,0,,,Yes,Humans,36.59283,0.10838,
4,13-Oct-25,Monday,No,NA,NA,No,NA,0,0,0,,,Yes,Humans,36.59283,0.10838,
4,14-Oct-25,Tuesday,No,NA,NA,No,NA,0,0,0,,,Yes,Humans,36.59283,0.10838,
4,15-Oct-25,Wednesday,Yes,"Damaged crops, footprints",20,Yes,cabbage,3X5,15,0,,,Yes,Humans,36.59283,0.10838,Recommend flashlights as an additional deterent
4,16-Oct-25,Thursday,No,NA,NA,No,NA,0,0,0,,,Yes,Humans,36.59283,0.10838,
4,17-Oct-25,Friday,No,NA,NA,No,NA,0,0,0,,,Yes,Humans,36.59283,0.10838,
4,18-Oct-25,Saturday,No,NA,NA,No,NA,0,0,0,,,Yes,Humans,36.59283,0.10838,
4,19-Oct-25,Sunday,No,NA,NA,No,NA,0,0,0,,,Yes,Humans,36.59283,0.10838,
4,20-Oct-25,Monday,No,NA,NA,No,NA,0,0,0,,,Yes,Humans,36.59283,0.10838,
4,30-Oct-25,Thursday,No,NA,NA,No,NA,0,0,0,,,Yes,Crickets,36.59283,0.10838,
4,31-Oct-25,Friday,No,NA,NA,No,NA,0,0,0,,,Yes,Crickets,36.59283,0.10838,
4,1-Nov-25,Saturday,Yes,Footprints,4,Yes,Maize and Kales,10X3,30,0,,,Yes,Crickets,36.59283,0.10838,
4,2-Nov-25,Sunday,Yes,Footprints,5,Yes,Maize and Kales,3X4,12,0,,,Yes,Crickets,36.59283,0.10838,
4,3-Nov-25,Monday,Yes,"Sighted, footprints",5,Yes,Beans,3 X2,6,0,,,Yes,Crickets,36.59283,0.10838,
4,4-Nov-25,Tuesday,Yes,Footprints,15,Yes,Beans,3X2,6,0,,,Yes,Crickets,36.59283,0.10838,
4,5-Nov-25,Wednesday,Yes,"Sighted, footprints",10,Yes,Beans,3X2,6,0,,,Yes,Crickets,36.59283,0.10838,
4,6-Nov-25,Thursday,No,NA,NA,No,NA,0,0,0,,,Yes,Crickets,36.59283,0.10838,
4,7-Nov-25,Friday,No,NA,NA,No,NA,0,0,0,,,Yes,Crickets,36.59283,0.10838,
4,8-Nov-25,Saturday,No,NA,NA,No,NA,0,0,0,,,Yes,Crickets,36.59283,0.10838,
4,9-Nov-25,Sunday,No,NA,NA,No,NA,0,0,0,,,Yes,Crickets,36.59283,0.10838,
4,10-Nov-25,Monday,Yes,Footprints,5,Yes,Beans,10X2,20,0,,,Yes,Crickets,36.59283,0.10838,Elephants also tresspassed through the farm
4,11-Nov-25,Tuesday,Yes,Footprints,5,Yes,Beans,2X3,6,0,,,Yes,Crickets,36.59283,0.10838,
4,12-Nov-25,Wednesday,Yes,Footprints,5,Yes,Beans,2X3,6,0,,,Yes,Crickets,36.59283,0.10838,
4,13-Nov-25,Thursday,No,NA,NA,No,NA,0,0,0,,,Yes,Crickets,36.59283,0.10838,
4,14-Nov-25,Friday,No,NA,NA,No,NA,0,0,0,,,Yes,Crickets,36.59283,0.10838,
4,15-Nov-25,Saturday,Yes,Footprints,5,Yes,Beans,5X5,25,0,,,Yes,Crickets,36.59283,0.10838,
4,16-Nov-25,Sunday,No,NA,NA,No,NA,0,0,0,,,Yes,Crickets,36.59283,0.10838,
4,17-Nov-25,Monday,No,NA,NA,No,NA,0,0,0,,,Yes,Crickets,36.59283,0.10838,
4,18-Nov-25,Tuesday,Yes,Footprints,5,Yes,Beans,15X15,225,0,,,Yes,Crickets,36.59283,0.10838,Elephants also tresspassed through the farm
4,19-Nov-25,Wednesday,Yes,Footprints,5,Yes,Beans,4X5,20,0,,,Yes,Crickets,36.59283,0.10838,
4,20-Nov-25,Thursday,No,NA,NA,No,NA,0,0,0,,,Yes,Crickets,36.59283,0.10838,
4,21-Nov-25,Friday,Yes,Footprints,5,Yes,Beans,5X5,25,0,,,Yes,Crickets,36.59283,0.10838,
4,22-Nov-25,Saturday,Yes,Footprints,5,Yes,Beans,5X5,25,0,,,Yes,Crickets,36.59283,0.10838,
4,23-Nov-25,Sunday,No,NA,NA,No,NA,0,0,0,,,Yes,Crickets,36.59283,0.10838,
5,22-Sep-25,Monday,No,NA,NA,No,NA,0,0,0,,,Yes,Humans,36.59257,0.10923,
5,23-Sep-25,Tuesday,No,NA,NA,No,NA,0,0,0,,,Yes,Humans,36.59257,0.10923,
5,24-Sep-25,Wednesday,No,NA,NA,No,None,0,0,0,,,Yes,Humans,36.59257,0.10923,
5,25-Sep-25,Thursday,No,NA,NA,No,NA,0,0,0,,,Yes,Humans,36.59257,0.10923,
5,26-Sep-25,Friday,No,NA,NA,No,NA,0,0,0,,,Yes,Humans,36.59257,0.10923,
5,27-Sep-25,Saturday,No,NA,NA,No,NA,0,0,0,,,Yes,Humans,36.59257,0.10923,
5,28-Sep-25,Sunday,No,NA,NA,No,NA,0,0,0,,,Yes,Humans,36.59257,0.10923,
5,29-Sep-25,Monday,No,NA,NA,No,NA,0,0,0,,,Yes,Humans,36.59257,0.10923,
5,30-Sep-25,Tuesday,No,NA,NA,No,NA,0,0,0,,,Yes,Humans,36.59257,0.10923,
5,1-Oct-25,Wednesday,No,NA,NA,No,NA,0,0,0,,,Yes,Humans,36.59257,0.10923,
5,2-Oct-25,Thursday,No,NA,NA,No,NA,0,0,0,,,Yes,Humans,36.59257,0.10923,
5,3-Oct-25,Friday,No,NA,NA,No,NA,0,0,0,,,Yes,Humans,36.59257,0.10923,
5,4-Oct-25,Saturday,Yes,Sighted,200,No,None,0,0,0,,,Yes,Humans,36.59257,0.10923,
5,5-Oct-25,Sunday,No,NA,NA,No,NA,0,0,0,,,Yes,Humans,36.59257,0.10923,
5,6-Oct-25,Monday,No,NA,NA,No,NA,0,0,0,,,Yes,Humans,36.59257,0.10923,
5,7-Oct-25,Tuesday,No,NA,NA,No,NA,0,0,0,,,Yes,Humans,36.59257,0.10923,
5,8-Oct-25,Wednesday,No,NA,NA,No,NA,0,0,0,,,Yes,Humans,36.59257,0.10923,
5,9-Oct-25,Thursday,No,NA,NA,No,NA,0,0,0,,,Yes,Humans,36.59257,0.10923,
5,10-Oct-25,Friday,No,NA,NA,No,NA,0,0,0,,,Yes,Humans,36.59257,0.10923,
5,11-Oct-25,Saturday,No,NA,NA,No,NA,0,0,0,,,Yes,Humans,36.59257,0.10923,
5,12-Oct-25,Sunday,No,NA,NA,No,NA,0,0,0,,,Yes,Humans,36.59257,0.10923,
5,13-Oct-25,Monday,No,NA,NA,No,NA,0,0,0,,,Yes,Humans,36.59257,0.10923,
5,14-Oct-25,Tuesday,No,NA,NA,No,NA,0,0,0,,,Yes,Humans,36.59257,0.10923,
5,15-Oct-25,Wednesday,No,NA,NA,No,NA,0,0,0,,,Yes,Humans,36.59257,0.10923,
5,16-Oct-25,Thursday,No,NA,NA,No,NA,0,0,0,,,Yes,Humans,36.59257,0.10923,
5,17-Oct-25,Friday,No,NA,NA,No,NA,0,0,0,,,Yes,Humans,36.59257,0.10923,
5,18-Oct-25,Saturday,No,NA,NA,No,NA,0,0,0,,,Yes,Humans,36.59257,0.10923,
5,19-Oct-25,Sunday,No,NA,NA,No,NA,0,0,0,,,Yes,Humans,36.59257,0.10923,
5,20-Oct-25,Monday,No,NA,NA,No,NA,0,0,0,,,Yes,Humans,36.59257,0.10923,
6,22-Sep-25,Monday,No,NA,NA,No,NA,0,0,3,,,Yes,Humans,36.59214,0.11113,
6,23-Sep-25,Tuesday,No,NA,NA,No,NA,0,0,3,,,Yes,Humans,36.59214,0.11113,
6,24-Sep-25,Wednesday,Yes,Footprints,5,Yes,Cabbage,10x10,100,3,,,Yes,Humans,36.59214,0.11113,4 Cabbages damaged
6,25-Sep-25,Thursday,No,NA,NA,No,NA,0,0,3,,,Yes,Humans,36.59214,0.11113,
6,26-Sep-25,Friday,No,NA,NA,No,NA,0,0,3,,,Yes,Humans,36.59214,0.11113,
6,27-Sep-25,Saturday,No,NA,NA,No,NA,0,0,3,,,Yes,Humans,36.59214,0.11113,
6,28-Sep-25,Sunday,No,NA,NA,No,NA,0,0,3,,,Yes,Humans,36.59214,0.11113,
6,29-Sep-25,Monday,No,NA,NA,No,NA,0,0,3,,,Yes,Humans,36.59214,0.11113,
6,30-Sep-25,Tuesday,No,NA,NA,No,NA,0,0,3,,,Yes,Humans,36.59214,0.11113,
6,1-Oct-25,Wednesday,No,NA,NA,No,NA,0,0,3,,,Yes,Humans,36.59214,0.11113,
6,2-Oct-25,Thursday,No,NA,NA,No,NA,0,0,3,,,Yes,Humans,36.59214,0.11113,
6,3-Oct-25,Friday,No,NA,NA,No,NA,0,0,3,,,Yes,Humans,36.59214,0.11113,
6,4-Oct-25,Saturday,Yes,Footprints,200,No,None,0,0,3,,,Yes,Humans,36.59214,0.11113,
6,5-Oct-25,Sunday,No,NA,NA,No,NA,0,0,3,,,Yes,Humans,36.59214,0.11113,
6,6-Oct-25,Monday,No,NA,NA,No,NA,0,0,3,,,Yes,Humans,36.59214,0.11113,
6,7-Oct-25,Tuesday,No,NA,NA,No,NA,0,0,3,,,Yes,Humans,36.59214,0.11113,
6,8-Oct-25,Wednesday,No,NA,NA,No,NA,0,0,3,,,Yes,Humans,36.59214,0.11113,
6,9-Oct-25,Thursday,No,NA,NA,No,NA,0,0,3,,,Yes,Humans,36.59214,0.11113,
6,10-Oct-25,Friday,No,NA,NA,No,NA,0,0,3,,,Yes,Humans,36.59214,0.11113,
6,11-Oct-25,Saturday,No,NA,NA,No,NA,0,0,3,,,Yes,Humans,36.59214,0.11113,
6,12-Oct-25,Sunday,No,NA,NA,No,NA,0,0,3,,,Yes,Humans,36.59214,0.11113,
6,13-Oct-25,Monday,No,NA,NA,No,NA,0,0,3,,,Yes,Humans,36.59214,0.11113,
6,14-Oct-25,Tuesday,No,NA,NA,No,NA,0,0,3,,,Yes,Humans,36.59214,0.11113,
6,15-Oct-25,Wednesday,No,NA,NA,No,NA,0,0,3,,,Yes,Humans,36.59214,0.11113,
6,16-Oct-25,Thursday,No,NA,NA,No,NA,0,0,3,,,Yes,Humans,36.59214,0.11113,
6,17-Oct-25,Friday,No,NA,NA,No,NA,0,0,3,,,Yes,Humans,36.59214,0.11113,
6,18-Oct-25,Saturday,No,NA,NA,No,NA,0,0,3,,,Yes,Humans,36.59214,0.11113,
6,19-Oct-25,Sunday,No,NA,NA,No,NA,0,0,3,,,Yes,Humans,36.59214,0.11113,
6,20-Oct-25,Monday,No,NA,NA,No,NA,0,0,3,,,Yes,Humans,36.59214,0.11113,
6,30-Oct-25,Thursday,Yes,Footprints,10,No,None,0,0,3,,,Yes,Crickets,36.59214,0.11113,Defended successfully
6,31-Oct-25,Friday,No,NA,NA,No,NA,0,0,3,,,Yes,Crickets,36.59214,0.11113,
6,1-Nov-25,Saturday,Yes,Footprints,20,No,None,0,0,3,,,Yes,Crickets,36.59214,0.11113,Defended by farmers
6,2-Nov-25,Sunday,Yes,Footprints,3,Yes,Maize,20X4,80,3,,,Yes,Crickets,36.59214,0.11113,Elephants are comfortably crossing near the speaker
6,3-Nov-25,Monday,Yes,Footprints,5,Yes,Maize,10X2,20,3,,,Yes,Crickets,36.59214,0.11113,
6,4-Nov-25,Tuesday,No,NA,NA,No,NA,0,0,3,,,Yes,Crickets,36.59214,0.11113,
6,5-Nov-25,Wednesday,No,NA,NA,No,NA,0,0,3,,,Yes,Crickets,36.59214,0.11113,
6,6-Nov-25,Thursday,No,NA,NA,No,NA,0,0,3,,,Yes,Crickets,36.59214,0.11113,
6,7-Nov-25,Friday,No,NA,NA,No,NA,0,0,3,,,Yes,Crickets,36.59214,0.11113,
6,8-Nov-25,Saturday,No,NA,NA,No,NA,0,0,3,,,Yes,Crickets,36.59214,0.11113,
6,9-Nov-25,Sunday,No,NA,NA,No,NA,0,0,3,,,Yes,Crickets,36.59214,0.11113,
6,10-Nov-25,Monday,Yes,Footprints,20,Yes,Maize,1X2,2,3,,,Yes,Crickets,36.59214,0.11113,
6,11-Nov-25,Tuesday,Yes,Footprints,5,Yes,Maize,20X4,80,3,,,Yes,Crickets,36.59214,0.11113,
6,12-Nov-25,Wednesday,Yes,Footprints,20,Yes,Maize,10x5,50,3,,,Yes,Crickets,36.59214,0.11113,Defended by farmers
6,13-Nov-25,Thursday,No,NA,NA,No,NA,0,0,3,,,Yes,Crickets,36.59214,0.11113,
6,14-Nov-25,Friday,No,NA,NA,No,NA,0,0,3,,,Yes,Crickets,36.59214,0.11113,
6,15-Nov-25,Saturday,Yes,Footprints,20,Yes,Maize,5x2,10,3,,,Yes,Crickets,36.59214,0.11113,Defended by farmers
6,16-Nov-25,Sunday,Yes,Footprints,20,Yes,Maize,6x3,18,3,,,Yes,Crickets,36.59214,0.11113,Defended by farmers
6,17-Nov-25,Monday,No,NA,NA,No,NA,0,0,3,,,Yes,Crickets,36.59214,0.11113,
6,18-Nov-25,Tuesday,Yes,Footprints,20,Yes,Maize,5X1,5,3,,,Yes,Crickets,36.59214,0.11113,
6,19-Nov-25,Wednesday,Yes,Footprints,5,Yes,Maize,15X3,45,3,,,Yes,Crickets,36.59214,0.11113,
6,20-Nov-25,Thursday,No,NA,NA,No,NA,0,0,3,,,Yes,Crickets,36.59214,0.11113,
6,21-Nov-25,Friday,Yes,Footprints,20,Yes,Maize,4X5,20,3,,,Yes,Crickets,36.59214,0.11113,Defended by farmers
6,22-Nov-25,Saturday,Yes,Footprints,20,Yes,Maize,4X5,20,3,,,Yes,Crickets,36.59214,0.11113,Defended by farmers
6,23-Nov-25,Sunday,Yes,Footprints,20,Yes,Maize,4x5,20,3,,,Yes,Crickets,36.59214,0.11113,Defended by farmers
7,22-Sep-25,Monday,No,NA,NA,No,NA,0,0,0,,,Yes,Humans,36.59208,0.1152,
7,23-Sep-25,Tuesday,No,NA,NA,No,NA,0,0,0,,,Yes,Humans,36.59208,0.1152,
7,24-Sep-25,Wednesday,Yes,Sighted,100,No,None,0,0,0,,,Yes,Humans,36.59208,0.1152,Elephants crossed at F8
7,25-Sep-25,Thursday,No,NA,NA,No,NA,0,0,0,,,Yes,Humans,36.59208,0.1152,
7,26-Sep-25,Friday,No,NA,NA,No,NA,0,0,0,,,Yes,Humans,36.59208,0.1152,
7,27-Sep-25,Saturday,No,NA,NA,No,NA,0,0,0,,,Yes,Humans,36.59208,0.1152,
7,28-Sep-25,Sunday,No,NA,NA,No,NA,0,0,0,,,Yes,Humans,36.59208,0.1152,
7,29-Sep-25,Monday,No,NA,NA,No,NA,0,0,0,,,Yes,Humans,36.59208,0.1152,
7,30-Sep-25,Tuesday,No,NA,NA,No,NA,0,0,0,,,Yes,Humans,36.59208,0.1152,
7,1-Oct-25,Wednesday,Yes,Sighted,100,No,None,0,0,0,,,Yes,Humans,36.59208,0.1152,
7,2-Oct-25,Thursday,No,NA,NA,No,NA,0,0,0,,,Yes,Humans,36.59208,0.1152,
7,3-Oct-25,Friday,No,NA,NA,No,NA,0,0,0,,,Yes,Humans,36.59208,0.1152,
7,4-Oct-25,Saturday,No,NA,NA,No,NA,0,0,0,,,Yes,Humans,36.59208,0.1152,
7,5-Oct-25,Sunday,No,NA,NA,No,NA,0,0,0,,,Yes,Humans,36.59208,0.1152,
7,6-Oct-25,Monday,No,NA,NA,No,NA,0,0,0,,,Yes,Humans,36.59208,0.1152,
7,7-Oct-25,Tuesday,No,NA,NA,No,NA,0,0,0,,,Yes,Humans,36.59208,0.1152,
7,8-Oct-25,Wednesday,No,NA,NA,No,NA,0,0,0,,,Yes,Humans,36.59208,0.1152,
7,9-Oct-25,Thursday,No,NA,NA,No,NA,0,0,0,,,Yes,Humans,36.59208,0.1152,
7,10-Oct-25,Friday,No,NA,NA,No,NA,0,0,0,,,Yes,Humans,36.59208,0.1152,
7,11-Oct-25,Saturday,No,NA,NA,No,NA,0,0,0,,,Yes,Humans,36.59208,0.1152,
7,12-Oct-25,Sunday,No,NA,NA,No,NA,0,0,0,,,Yes,Humans,36.59208,0.1152,
7,13-Oct-25,Monday,No,NA,NA,No,NA,0,0,0,,,Yes,Humans,36.59208,0.1152,
7,14-Oct-25,Tuesday,No,NA,NA,No,NA,0,0,0,,,Yes,Humans,36.59208,0.1152,
7,15-Oct-25,Wednesday,No,NA,NA,No,NA,0,0,0,,,Yes,Humans,36.59208,0.1152,
7,16-Oct-25,Thursday,No,NA,NA,No,NA,0,0,0,,,Yes,Humans,36.59208,0.1152,
7,17-Oct-25,Friday,No,NA,NA,No,NA,0,0,0,,,Yes,Humans,36.59208,0.1152,
7,18-Oct-25,Saturday,Yes,"Damaged crops, footprints",80,Yes,"Snow peas, sweet potatoes",10X15,150,0,,,Yes,Humans,36.59208,0.1152,"Elephants approacged from a different route, opposite from the river side"
7,19-Oct-25,Sunday,No,NA,NA,No,NA,0,0,0,,,Yes,Humans,36.59208,0.1152,
7,20-Oct-25,Monday,No,NA,NA,No,NA,0,0,0,,,Yes,Humans,36.59208,0.1152,
7,30-Oct-25,Thursday,No,NA,NA,No,NA,0,0,0,,,Yes,Crickets,36.59208,0.1152,
7,31-Oct-25,Friday,No,NA,NA,No,NA,0,0,0,,,Yes,Crickets,36.59208,0.1152,
7,1-Nov-25,Saturday,No,NA,NA,No,NA,0,0,0,,,Yes,Crickets,36.59208,0.1152,
7,2-Nov-25,Sunday,Yes,"Sighted, footprints",15,Yes,Kales,1X5,5,0,,,Yes,Crickets,36.59208,0.1152,I defended my farm and they raided nearbyfarms 
7,3-Nov-25,Monday,Yes,"Sighted, footprints",15,Yes,Kales,1X5,5,0,,,Yes,Crickets,36.59208,0.1152,
7,4-Nov-25,Tuesday,Yes,"Sighted, footprints",15,Yes,Kales,2X2,4,0,,,Yes,Crickets,36.59208,0.1152,
7,5-Nov-25,Wednesday,No,NA,NA,No,NA,0,0,0,,,Yes,Crickets,36.59208,0.1152,
7,6-Nov-25,Thursday,No,NA,NA,No,NA,0,0,0,,,Yes,Crickets,36.59208,0.1152,
7,7-Nov-25,Friday,No,NA,NA,No,NA,0,0,0,,,Yes,Crickets,36.59208,0.1152,
7,8-Nov-25,Saturday,No,NA,NA,No,NA,0,0,0,,,Yes,Crickets,36.59208,0.1152,
7,9-Nov-25,Sunday,Yes,"Sighted, footprints",20,Yes,Sweet potatoes,2X2,4,0,,,Yes,Crickets,36.59208,0.1152,
7,10-Nov-25,Monday,No,NA,NA,No,NA,0,0,0,,,Yes,Crickets,36.59208,0.1152,
7,11-Nov-25,Tuesday,No,NA,NA,No,NA,0,0,0,,,Yes,Crickets,36.59208,0.1152,
7,12-Nov-25,Wednesday,No,NA,NA,No,NA,0,0,0,,,Yes,Crickets,36.59208,0.1152,
7,13-Nov-25,Thursday,No,NA,NA,No,NA,0,0,0,,,Yes,Crickets,36.59208,0.1152,
7,14-Nov-25,Friday,No,NA,NA,No,NA,0,0,0,,,Yes,Crickets,36.59208,0.1152,
7,15-Nov-25,Saturday,No,NA,NA,No,NA,0,0,0,,,Yes,Crickets,36.59208,0.1152,
7,16-Nov-25,Sunday,No,NA,NA,No,NA,0,0,0,,,Yes,Crickets,36.59208,0.1152,
7,17-Nov-25,Monday,No,NA,NA,No,NA,0,0,0,,,Yes,Crickets,36.59208,0.1152,
7,18-Nov-25,Tuesday,No,NA,NA,No,NA,0,0,0,,,Yes,Crickets,36.59208,0.1152,
7,19-Nov-25,Wednesday,No,NA,NA,No,NA,0,0,0,,,Yes,Crickets,36.59208,0.1152,
7,20-Nov-25,Thursday,No,NA,NA,No,NA,0,0,0,,,Yes,Crickets,36.59208,0.1152,
7,21-Nov-25,Friday,No,NA,NA,No,NA,0,0,0,,,Yes,Crickets,36.59208,0.1152,
7,22-Nov-25,Saturday,No,NA,NA,No,NA,0,0,0,,,Yes,Crickets,36.59208,0.1152,
7,23-Nov-25,Sunday,No,NA,NA,No,NA,0,0,0,,,Yes,Crickets,36.59208,0.1152,
8,22-Sep-25,Monday,No,NA,NA,No,NA,0,0,0,,,Yes,Humans,36.59208,0.1152,
8,23-Sep-25,Tuesday,No,NA,NA,No,NA,0,0,0,,,Yes,Humans,36.59208,0.1152,
8,24-Sep-25,Wednesday,Yes,"Dung, footprints",5,Yes,Beans,20x10,200,0,,,Yes,Humans,36.59208,0.1152,They destroyed 1/2 of an acre
8,25-Sep-25,Thursday,No,NA,NA,No,NA,0,0,0,,,Yes,Humans,36.59208,0.1152,
8,26-Sep-25,Friday,No,NA,NA,No,NA,0,0,0,,,Yes,Humans,36.59208,0.1152,
8,27-Sep-25,Saturday,No,NA,NA,No,NA,0,0,0,,,Yes,Humans,36.59208,0.1152,
8,28-Sep-25,Sunday,No,NA,NA,No,NA,0,0,0,,,Yes,Humans,36.59208,0.1152,
8,29-Sep-25,Monday,No,NA,NA,No,NA,0,0,0,,,Yes,Humans,36.59208,0.1152,
8,30-Sep-25,Tuesday,No,NA,NA,No,NA,0,0,0,,,Yes,Humans,36.59208,0.1152,
8,1-Oct-25,Wednesday,Yes,Footprints,5,No,None,0,0,0,,,Yes,Humans,36.59208,0.1152,Elephants crossed at F8
8,2-Oct-25,Thursday,No,NA,NA,No,NA,0,0,0,,,Yes,Humans,36.59208,0.1152,
8,3-Oct-25,Friday,No,NA,NA,No,NA,0,0,0,,,Yes,Humans,36.59208,0.1152,
8,4-Oct-25,Saturday,No,NA,NA,No,NA,0,0,0,,,Yes,Humans,36.59208,0.1152,
8,5-Oct-25,Sunday,No,NA,NA,No,NA,0,0,0,,,Yes,Humans,36.59208,0.1152,
8,6-Oct-25,Monday,No,NA,NA,No,NA,0,0,0,,,Yes,Humans,36.59208,0.1152,
8,7-Oct-25,Tuesday,No,NA,NA,No,NA,0,0,0,,,Yes,Humans,36.59208,0.1152,
8,8-Oct-25,Wednesday,No,NA,NA,No,NA,0,0,0,,,Yes,Humans,36.59208,0.1152,
8,9-Oct-25,Thursday,No,NA,NA,No,NA,0,0,0,,,Yes,Humans,36.59208,0.1152,
8,10-Oct-25,Friday,No,NA,NA,No,NA,0,0,0,,,Yes,Humans,36.59208,0.1152,
8,11-Oct-25,Saturday,No,NA,NA,No,NA,0,0,0,,,Yes,Humans,36.59208,0.1152,
8,12-Oct-25,Sunday,No,NA,NA,No,NA,0,0,0,,,Yes,Humans,36.59208,0.1152,
8,13-Oct-25,Monday,No,NA,NA,No,NA,0,0,0,,,Yes,Humans,36.59208,0.1152,
8,14-Oct-25,Tuesday,No,NA,NA,No,NA,0,0,0,,,Yes,Humans,36.59208,0.1152,
8,15-Oct-25,Wednesday,No,NA,NA,No,NA,0,0,0,,,Yes,Humans,36.59208,0.1152,
8,16-Oct-25,Thursday,No,NA,NA,No,NA,0,0,0,,,Yes,Humans,36.59208,0.1152,
8,17-Oct-25,Friday,No,NA,NA,No,NA,0,0,0,,,Yes,Humans,36.59208,0.1152,
8,18-Oct-25,Saturday,No,NA,NA,No,NA,0,0,0,,,Yes,Humans,36.59208,0.1152,
8,19-Oct-25,Sunday,No,NA,NA,No,NA,0,0,0,,,Yes,Humans,36.59208,0.1152,
8,20-Oct-25,Monday,Yes,Footprints,20,No,None,0,0,0,,,Yes,Humans,36.59208,0.1152,
8,29-Oct-25,Wednesday,No,NA,NA,No,NA,0,0,0,,,Yes,Crickets,36.59208,0.1152,
8,30-Oct-25,Thursday,No,NA,NA,No,NA,0,0,0,,,Yes,Crickets,36.59208,0.1152,
8,31-Oct-25,Friday,No,NA,NA,No,NA,0,0,0,,,Yes,Crickets,36.59208,0.1152,
8,1-Nov-25,Saturday,No,NA,NA,No,NA,0,0,0,,,Yes,Crickets,36.59208,0.1152,
8,2-Nov-25,Sunday,Yes,Footprints,10,Yes,Beans,10X3,30,0,,,Yes,Crickets,36.59208,0.1152,
8,3-Nov-25,Monday,Yes,"Sighted, footprints",10,Yes,Snow peas,4X5,20,0,,,Yes,Crickets,36.59208,0.1152,
8,4-Nov-25,Tuesday,No,NA,NA,No,NA,0,0,0,,,Yes,Crickets,36.59208,0.1152,
8,5-Nov-25,Wednesday,No,NA,NA,No,NA,0,0,0,,,Yes,Crickets,36.59208,0.1152,
8,6-Nov-25,Thursday,No,NA,NA,No,NA,0,0,0,,,Yes,Crickets,36.59208,0.1152,
8,7-Nov-25,Friday,No,NA,NA,No,NA,0,0,0,,,Yes,Crickets,36.59208,0.1152,
8,8-Nov-25,Saturday,No,NA,NA,No,NA,0,0,0,,,Yes,Crickets,36.59208,0.1152,
8,9-Nov-25,Sunday,No,NA,NA,No,NA,0,0,0,,,Yes,Crickets,36.59208,0.1152,
8,10-Nov-25,Monday,Yes,Footprints,0,Yes,Butternut,15X15,225,0,,,Yes,Crickets,36.59208,0.1152,
8,11-Nov-25,Tuesday,Yes,Footprints,0,Yes,Beans,20X20,400,0,,,Yes,Crickets,36.59208,0.1152,The elephants were comfortably crossing near the cricket speaker
8,12-Nov-25,Wednesday,Yes,Footprints,0,Yes,Kales,15X15,225,0,,,Yes,Crickets,36.59208,0.1152,
8,13-Nov-25,Thursday,No,NA,NA,No,NA,0,0,0,,,Yes,Crickets,36.59208,0.1152,
8,14-Nov-25,Friday,No,NA,NA,No,NA,0,0,0,,,Yes,Crickets,36.59208,0.1152,
8,15-Nov-25,Saturday,Yes,Footprints,0,Yes,Butternut,15X15,225,0,,,Yes,Crickets,36.59208,0.1152,
8,16-Nov-25,Sunday,Yes,Footprints,0,Yes,Butternut,10X10,100,0,,,Yes,Crickets,36.59208,0.1152,
8,17-Nov-25,Monday,No,NA,NA,No,NA,0,0,0,,,Yes,Crickets,36.59208,0.1152,
8,18-Nov-25,Tuesday,Yes,Footprints,0,Yes,Butternut,10X10,100,0,,,Yes,Crickets,36.59208,0.1152,The elephants were comfortably crossing near the cricket speaker
8,19-Nov-25,Wednesday,Yes,Footprints,0,Yes,Beans,10X10,100,0,,,Yes,Crickets,36.59208,0.1152,The elephants were comfortably crossing near the cricket speaker
8,20-Nov-25,Thursday,No,NA,NA,No,NA,0,0,0,,,Yes,Crickets,36.59208,0.1152,
8,21-Nov-25,Friday,Yes,Footprints,0,Yes,Kales,5X5,25,0,,,Yes,Crickets,36.59208,0.1152,
8,22-Nov-25,Saturday,Yes,Footprints,0,Yes,Butternut,10X5,50,0,,,Yes,Crickets,36.59208,0.1152,
8,23-Nov-25,Sunday,Yes,Footprints,0,Yes,Butternut,5X5,25,0,,,Yes,Crickets,36.59208,0.1152,
9,22-Sep-25,Monday,No,NA,NA,No,NA,0,0,0,,,Yes,Humans,36.59268,0.11856,
9,23-Sep-25,Tuesday,No,NA,NA,No,NA,0,0,0,,,Yes,Humans,36.59268,0.11856,
9,24-Sep-25,Wednesday,Yes,Footprints,20,No,None,0,0,0,,,Yes,Humans,36.59268,0.11856,"Elephants footprints visible on the side of the river, 20 m away fom the speaker"
9,25-Sep-25,Thursday,No,NA,NA,No,NA,0,0,0,,,Yes,Humans,36.59268,0.11856,
9,26-Sep-25,Friday,No,NA,NA,No,NA,0,0,0,,,Yes,Humans,36.59268,0.11856,
9,27-Sep-25,Saturday,No,NA,NA,No,NA,0,0,0,,,Yes,Humans,36.59268,0.11856,
9,28-Sep-25,Sunday,No,NA,NA,No,NA,0,0,0,,,Yes,Humans,36.59268,0.11856,
9,29-Sep-25,Monday,No,NA,NA,No,NA,0,0,0,,,Yes,Humans,36.59268,0.11856,
9,30-Sep-25,Tuesday,No,NA,NA,No,NA,0,0,0,,,Yes,Humans,36.59268,0.11856,
9,1-Oct-25,Wednesday,Yes,Footprints,20,No,None,0,0,0,,,Yes,Humans,36.59268,0.11856,
9,2-Oct-25,Thursday,No,NA,NA,No,NA,0,0,0,,,Yes,Humans,36.59268,0.11856,
9,3-Oct-25,Friday,No,NA,NA,No,NA,0,0,0,,,Yes,Humans,36.59268,0.11856,
9,4-Oct-25,Saturday,No,NA,NA,No,NA,0,0,0,,,Yes,Humans,36.59268,0.11856,
9,5-Oct-25,Sunday,No,NA,NA,No,NA,0,0,0,,,Yes,Humans,36.59268,0.11856,
9,6-Oct-25,Monday,No,NA,NA,No,NA,0,0,0,,,Yes,Humans,36.59268,0.11856,
9,7-Oct-25,Tuesday,No,NA,NA,No,NA,0,0,0,,,Yes,Humans,36.59268,0.11856,
9,8-Oct-25,Wednesday,No,NA,NA,No,NA,0,0,0,,,Yes,Humans,36.59268,0.11856,
9,9-Oct-25,Thursday,No,NA,NA,No,NA,0,0,0,,,Yes,Humans,36.59268,0.11856,
9,10-Oct-25,Friday,No,NA,NA,No,NA,0,0,0,,,Yes,Humans,36.59268,0.11856,
9,11-Oct-25,Saturday,No,NA,NA,No,NA,0,0,0,,,Yes,Humans,36.59268,0.11856,
9,12-Oct-25,Sunday,No,NA,NA,No,NA,0,0,0,,,Yes,Humans,36.59268,0.11856,
9,13-Oct-25,Monday,No,NA,NA,No,NA,0,0,0,,,Yes,Humans,36.59268,0.11856,
9,14-Oct-25,Tuesday,No,NA,NA,No,NA,0,0,0,,,Yes,Humans,36.59268,0.11856,
9,15-Oct-25,Wednesday,No,NA,NA,No,NA,0,0,0,,,Yes,Humans,36.59268,0.11856,
9,16-Oct-25,Thursday,No,NA,NA,No,NA,0,0,0,,,Yes,Humans,36.59268,0.11856,
9,17-Oct-25,Friday,No,NA,NA,No,NA,0,0,0,,,Yes,Humans,36.59268,0.11856,
9,18-Oct-25,Saturday,No,NA,NA,No,NA,0,0,0,,,Yes,Humans,36.59268,0.11856,
9,19-Oct-25,Sunday,No,NA,NA,No,NA,0,0,0,,,Yes,Humans,36.59268,0.11856,
9,20-Oct-25,Monday,Yes,Footprints,80,No,None,0,0,0,,,Yes,Humans,36.59268,0.11856,Elephants crossed the river at F8
9,29-Oct-25,Wednesday,No,NA,NA,No,NA,0,0,0,,,Yes,Crickets,36.59268,0.11856,
9,30-Oct-25,Thursday,No,NA,NA,No,NA,0,0,0,,,Yes,Crickets,36.59268,0.11856,
9,31-Oct-25,Friday,No,NA,NA,No,NA,0,0,0,,,Yes,Crickets,36.59268,0.11856,
9,1-Nov-25,Saturday,No,NA,NA,No,NA,0,0,0,,,Yes,Crickets,36.59268,0.11856,
9,2-Nov-25,Sunday,Yes,Footprints,5,Yes,Snow peas,6x2,12,0,,,Yes,Crickets,36.59268,0.11856,
9,3-Nov-25,Monday,No,NA,NA,No,NA,0,0,0,,,Yes,Crickets,36.59268,0.11856,
9,4-Nov-25,Tuesday,Yes,"Sighted, footprints",10,Yes,Snow peas,4X5,20,0,,,Yes,Crickets,36.59268,0.11856,
9,5-Nov-25,Wednesday,No,NA,NA,No,NA,0,0,0,,,Yes,Crickets,36.59268,0.11856,
9,6-Nov-25,Thursday,No,NA,NA,No,NA,0,0,0,,,Yes,Crickets,36.59268,0.11856,
9,7-Nov-25,Friday,No,NA,NA,No,NA,0,0,0,,,Yes,Crickets,36.59268,0.11856,
9,8-Nov-25,Saturday,No,NA,NA,No,NA,0,0,0,,,Yes,Crickets,36.59268,0.11856,
9,9-Nov-25,Sunday,No,NA,NA,No,NA,0,0,0,,,Yes,Crickets,36.59268,0.11856,
9,10-Nov-25,Monday,Yes,Footprints,5,Yes,Beans,15X4,60,0,,,Yes,Crickets,36.59268,0.11856,
9,11-Nov-25,Tuesday,Yes,Footprints,0,Yes,Beans,5X4,20,0,,,Yes,Crickets,36.59268,0.11856,
9,12-Nov-25,Wednesday,Yes,Footprints,10,Yes,Beans,5X4,20,0,,,Yes,Crickets,36.59268,0.11856,
9,13-Nov-25,Thursday,No,NA,NA,No,NA,0,0,0,,,Yes,Crickets,36.59268,0.11856,Defended by farmers
9,14-Nov-25,Friday,No,NA,NA,No,NA,0,0,0,,,Yes,Crickets,36.59268,0.11856,
9,15-Nov-25,Saturday,Yes,Footprints,20,Yes,Beans,15X4,60,0,,,Yes,Crickets,36.59268,0.11856,
9,16-Nov-25,Sunday,Yes,Footprints,20,Yes,Beans,15X4,60,0,,,Yes,Crickets,36.59268,0.11856,Defended by farmers
9,17-Nov-25,Monday,No,NA,NA,No,NA,0,0,0,,,Yes,Crickets,36.59268,0.11856,Defended by farmers
9,18-Nov-25,Tuesday,Yes,Footprints,5,Yes,Beans,10X10,100,0,,,Yes,Crickets,36.59268,0.11856,
9,19-Nov-25,Wednesday,Yes,Footprints,0,Yes,Beans,10X10,100,0,,,Yes,Crickets,36.59268,0.11856,Elephant activity levels increased significantly
9,20-Nov-25,Thursday,No,NA,NA,No,NA,0,0,0,,,Yes,Crickets,36.59268,0.11856,
9,21-Nov-25,Friday,Yes,Footprints,10,Yes,Beans,10X10,100,0,,,Yes,Crickets,36.59268,0.11856,Defended by farmers
9,22-Nov-25,Saturday,Yes,Footprints,20,Yes,Beans,15X4,60,0,,,Yes,Crickets,36.59268,0.11856,Defended by farmers
9,23-Nov-25,Sunday,Yes,Footprints,20,Yes,Beans,15X4,60,0,,,Yes,Crickets,36.59268,0.11856,Defended by farmers
10,22-Sep-25,Monday,No,NA,NA,No,NA,0,0,0,,,Yes,Humans,36.59403,0.12194,
10,23-Sep-25,Tuesday,No,NA,NA,No,NA,0,0,0,,,Yes,Humans,36.59403,0.12194,
10,24-Sep-25,Wednesday,No,NA,NA,No,NA,0,0,0,,,Yes,Humans,36.59403,0.12194,
10,25-Sep-25,Thursday,No,NA,NA,No,NA,0,0,0,,,Yes,Humans,36.59403,0.12194,
10,26-Sep-25,Friday,No,NA,NA,No,NA,0,0,0,,,Yes,Humans,36.59403,0.12194,
10,27-Sep-25,Saturday,No,NA,NA,No,NA,0,0,0,,,Yes,Humans,36.59403,0.12194,
10,28-Sep-25,Sunday,No,NA,NA,No,NA,0,0,0,,,Yes,Humans,36.59403,0.12194,
10,29-Sep-25,Monday,No,NA,NA,No,NA,0,0,0,,,Yes,Humans,36.59403,0.12194,
10,30-Sep-25,Tuesday,No,NA,NA,No,NA,0,0,0,,,Yes,Humans,36.59403,0.12194,
10,1-Oct-25,Wednesday,Yes,"Damaged crops, Footprints",5,Yes,Snow peas,10x10,100,0,,,Yes,Humans,36.59403,0.12194,Elephants crossed at F8
10,2-Oct-25,Thursday,No,NA,NA,No,NA,0,0,0,,,Yes,Humans,36.59403,0.12194,
10,3-Oct-25,Friday,No,NA,NA,No,NA,0,0,0,,,Yes,Humans,36.59403,0.12194,
10,4-Oct-25,Saturday,No,NA,NA,No,NA,0,0,0,,,Yes,Humans,36.59403,0.12194,
10,5-Oct-25,Sunday,No,NA,NA,No,NA,0,0,0,,,Yes,Humans,36.59403,0.12194,
10,6-Oct-25,Monday,No,NA,NA,No,NA,0,0,0,,,Yes,Humans,36.59403,0.12194,
10,7-Oct-25,Tuesday,No,NA,NA,No,NA,0,0,0,,,Yes,Humans,36.59403,0.12194,
10,8-Oct-25,Wednesday,No,NA,NA,No,NA,0,0,0,,,Yes,Humans,36.59403,0.12194,
10,9-Oct-25,Thursday,No,NA,NA,No,NA,0,0,0,,,Yes,Humans,36.59403,0.12194,
10,10-Oct-25,Friday,No,NA,NA,No,NA,0,0,0,,,Yes,Humans,36.59403,0.12194,
10,11-Oct-25,Saturday,No,NA,NA,No,NA,0,0,0,,,Yes,Humans,36.59403,0.12194,
10,12-Oct-25,Sunday,No,NA,NA,No,NA,0,0,0,,,Yes,Humans,36.59403,0.12194,
10,13-Oct-25,Monday,No,NA,NA,No,NA,0,0,0,,,Yes,Humans,36.59403,0.12194,
10,14-Oct-25,Tuesday,No,NA,NA,No,NA,0,0,0,,,Yes,Humans,36.59403,0.12194,
10,15-Oct-25,Wednesday,No,NA,NA,No,NA,0,0,0,,,Yes,Humans,36.59403,0.12194,
10,16-Oct-25,Thursday,No,NA,NA,No,NA,0,0,0,,,Yes,Humans,36.59403,0.12194,
10,17-Oct-25,Friday,No,NA,NA,No,NA,0,0,0,,,Yes,Humans,36.59403,0.12194,
10,18-Oct-25,Saturday,No,NA,NA,No,NA,0,0,0,,,Yes,Humans,36.59403,0.12194,
10,19-Oct-25,Sunday,No,NA,NA,No,NA,0,0,0,,,Yes,Humans,36.59403,0.12194,
10,20-Oct-25,Monday,Yes,Footprints,150,No,None,0,0,0,,,Yes,Humans,36.59403,0.12194,Elephants crossed the river at F8
10,29-Oct-25,Wednesday,No,NA,NA,No,NA,0,0,0,,,Yes,Crickets,36.59403,0.12194,
10,30-Oct-25,Thursday,No,NA,NA,No,NA,0,0,0,,,Yes,Crickets,36.59403,0.12194,
10,31-Oct-25,Friday,No,NA,NA,No,NA,0,0,0,,,Yes,Crickets,36.59403,0.12194,
10,1-Nov-25,Saturday,Yes,Footprints,5,No,None,0,0,0,,,Yes,Crickets,36.59403,0.12194,
10,2-Nov-25,Sunday,Yes,"Sighted, footprints",10,Yes,Beans,5X5,25,0,,,Yes,Crickets,36.59403,0.12194,
10,3-Nov-25,Monday,Yes,Footprints,5,Yes,Irish potatoes,10X3,30,0,,,Yes,Crickets,36.59403,0.12194,
10,4-Nov-25,Tuesday,Yes,Footprints,2,Yes,Kales,30X10,300,0,,,Yes,Crickets,36.59403,0.12194,
10,5-Nov-25,Wednesday,No,NA,NA,No,NA,0,0,0,,,Yes,Crickets,36.59403,0.12194,
10,6-Nov-25,Thursday,No,NA,NA,No,NA,0,0,0,,,Yes,Crickets,36.59403,0.12194,
10,7-Nov-25,Friday,No,NA,NA,No,NA,0,0,0,,,Yes,Crickets,36.59403,0.12194,
10,8-Nov-25,Saturday,No,NA,NA,No,NA,0,0,0,,,Yes,Crickets,36.59403,0.12194,
10,9-Nov-25,Sunday,No,NA,NA,No,NA,0,0,0,,,Yes,Crickets,36.59403,0.12194,
10,10-Nov-25,Monday,Yes,Footprints,0,Yes,Irish potatoes,15X20,300,0,,,Yes,Crickets,36.59403,0.12194,They don’t fear cricket treatment
10,11-Nov-25,Tuesday,Yes,Footprints,0,Yes,Kales,10X15,150,0,,,Yes,Crickets,36.59403,0.12194,
10,12-Nov-25,Wednesday,Yes,Footprints,0,Yes,Beans,5X10,50,0,,,Yes,Crickets,36.59403,0.12194,
10,13-Nov-25,Thursday,No,NA,NA,No,NA,0,0,0,,,Yes,Crickets,36.59403,0.12194,
10,14-Nov-25,Friday,No,NA,NA,No,NA,0,0,0,,,Yes,Crickets,36.59403,0.12194,
10,15-Nov-25,Saturday,Yes,Footprints,0,Yes,Kales,2X3,6,0,,,Yes,Crickets,36.59403,0.12194,Defended by farmers
10,16-Nov-25,Sunday,Yes,Footprints,50,No,None,0,0,0,,,Yes,Crickets,36.59403,0.12194,
10,17-Nov-25,Monday,No,NA,NA,No,NA,0,0,0,,,Yes,Crickets,36.59403,0.12194,
10,18-Nov-25,Tuesday,Yes,Footprints,0,Yes,Irish potatoes,15X20,300,0,,,Yes,Crickets,36.59403,0.12194,They don’t fear cricket treatment
10,19-Nov-25,Wednesday,Yes,Footprints,0,Yes,Kales,10X15,150,0,,,Yes,Crickets,36.59403,0.12194,
10,20-Nov-25,Thursday,No,NA,NA,No,NA,0,0,0,,,Yes,Crickets,36.59403,0.12194,
10,21-Nov-25,Friday,Yes,Footprints,0,Yes,Beans,10X5,50,0,,,Yes,Crickets,36.59403,0.12194,
10,22-Nov-25,Saturday,Yes,Footprints,0,No,None,0,0,0,,,Yes,Crickets,36.59403,0.12194,Defended by farmers
10,23-Nov-25,Sunday,Yes,Footprints,50,No,None,0,0,0,,,Yes,Crickets,36.59403,0.12194,
11,22-Sep-25,Monday,No,NA,NA,No,NA,0,0,0,,,Yes,Humans,36.5951,0.12528,
11,23-Sep-25,Tuesday,No,NA,NA,No,NA,0,0,0,,,Yes,Humans,36.5951,0.12528,
11,24-Sep-25,Wednesday,No,NA,NA,No,NA,0,0,0,,,Yes,Humans,36.5951,0.12528,
11,25-Sep-25,Thursday,No,NA,NA,No,NA,0,0,0,,,Yes,Humans,36.5951,0.12528,
11,26-Sep-25,Friday,Yes,Footprints,100,No,None,0,0,0,,,Yes,Humans,36.5951,0.12528,
11,27-Sep-25,Saturday,No,NA,NA,No,NA,0,0,0,,,Yes,Humans,36.5951,0.12528,
11,28-Sep-25,Sunday,No,NA,NA,No,NA,0,0,0,,,Yes,Humans,36.5951,0.12528,
11,29-Sep-25,Monday,No,NA,NA,No,NA,0,0,0,,,Yes,Humans,36.5951,0.12528,
11,30-Sep-25,Tuesday,No,NA,NA,No,NA,0,0,0,,,Yes,Humans,36.5951,0.12528,
11,1-Oct-25,Wednesday,No,NA,NA,No,NA,0,0,0,,,Yes,Humans,36.5951,0.12528,
11,2-Oct-25,Thursday,No,NA,NA,No,NA,0,0,0,,,Yes,Humans,36.5951,0.12528,
11,3-Oct-25,Friday,No,NA,NA,No,NA,0,0,0,,,Yes,Humans,36.5951,0.12528,
11,4-Oct-25,Saturday,No,NA,NA,No,NA,0,0,0,,,Yes,Humans,36.5951,0.12528,
11,5-Oct-25,Sunday,No,NA,NA,No,NA,0,0,0,,,Yes,Humans,36.5951,0.12528,
11,6-Oct-25,Monday,No,NA,NA,No,NA,0,0,0,,,Yes,Humans,36.5951,0.12528,
11,7-Oct-25,Tuesday,No,NA,NA,No,NA,0,0,0,,,Yes,Humans,36.5951,0.12528,
11,8-Oct-25,Wednesday,No,NA,NA,No,NA,0,0,0,,,Yes,Humans,36.5951,0.12528,
11,9-Oct-25,Thursday,No,NA,NA,No,NA,0,0,0,,,Yes,Humans,36.5951,0.12528,
11,10-Oct-25,Friday,No,NA,NA,No,NA,0,0,0,,,Yes,Humans,36.5951,0.12528,
11,11-Oct-25,Saturday,No,NA,NA,No,NA,0,0,0,,,Yes,Humans,36.5951,0.12528,
11,12-Oct-25,Sunday,No,NA,NA,No,NA,0,0,0,,,Yes,Humans,36.5951,0.12528,
11,13-Oct-25,Monday,No,NA,NA,No,NA,0,0,0,,,Yes,Humans,36.5951,0.12528,
11,14-Oct-25,Tuesday,No,NA,NA,No,NA,0,0,0,,,Yes,Humans,36.5951,0.12528,
11,15-Oct-25,Wednesday,No,NA,NA,No,NA,0,0,0,,,Yes,Humans,36.5951,0.12528,
11,16-Oct-25,Thursday,No,NA,NA,No,NA,0,0,0,,,Yes,Humans,36.5951,0.12528,
11,17-Oct-25,Friday,No,NA,NA,No,NA,0,0,0,,,Yes,Humans,36.5951,0.12528,
11,18-Oct-25,Saturday,No,NA,NA,No,NA,0,0,0,,,Yes,Humans,36.5951,0.12528,
11,19-Oct-25,Sunday,No,NA,NA,No,NA,0,0,0,,,Yes,Humans,36.5951,0.12528,
11,20-Oct-25,Monday,No,NA,NA,No,NA,0,0,0,,,Yes,Humans,36.5951,0.12528,
11,29-Oct-25,Wednesday,No,NA,NA,No,NA,0,0,0,,,Yes,Humans,36.5951,0.12528,
11,30-Oct-25,Thursday,No,NA,NA,No,NA,0,0,0,,,Yes,Crickets,36.5951,0.12528,
11,31-Oct-25,Friday,No,NA,NA,No,NA,0,0,0,,,Yes,Crickets,36.5951,0.12528,
11,1-Nov-25,Saturday,Yes,Footprints,5,Yes,Sweet potatoes,10x2,20,0,,,Yes,Crickets,36.5951,0.12528,
11,2-Nov-25,Sunday,Yes,Footprints,5,Yes,Sweet potatoes,5X4,20,0,,,Yes,Crickets,36.5951,0.12528,
11,3-Nov-25,Monday,Yes,Footprints,50,No,NA,0,0,0,,,Yes,Crickets,36.5951,0.12528,We defended the elephants to control them from raidimg our crops. 
11,4-Nov-25,Tuesday,Yes,Footprints,70,No,NA,0,0,0,,,Yes,Crickets,36.5951,0.12528,
11,5-Nov-25,Wednesday,No,NA,NA,No,NA,0,0,0,,,Yes,Crickets,36.5951,0.12528,
11,6-Nov-25,Thursday,No,NA,NA,No,NA,0,0,0,,,Yes,Crickets,36.5951,0.12528,
11,7-Nov-25,Friday,No,NA,NA,No,NA,0,0,0,,,Yes,Crickets,36.5951,0.12528,
11,8-Nov-25,Saturday,No,NA,NA,No,NA,0,0,0,,,Yes,Crickets,36.5951,0.12528,
11,9-Nov-25,Sunday,No,NA,NA,No,NA,0,0,0,,,Yes,Crickets,36.5951,0.12528,
11,10-Nov-25,Monday,Yes,Footprints,0,Yes,Irish potatoes,5X5,25,0,,,Yes,Crickets,36.5951,0.12528,
11,11-Nov-25,Tuesday,Yes,Footprints,5,No,NA,0,0,0,,,Yes,Crickets,36.5951,0.12528,They raided neighbors maize
11,12-Nov-25,Wednesday,Yes,Footprints,0,Yes,Irish potatoes,5X5,25,0,,,Yes,Crickets,36.5951,0.12528,
11,13-Nov-25,Thursday,No,NA,NA,No,NA,0,0,0,,,Yes,Crickets,36.5951,0.12528,
11,14-Nov-25,Friday,No,NA,NA,No,NA,0,0,0,,,Yes,Crickets,36.5951,0.12528,
11,15-Nov-25,Saturday,Yes,Footprints,5,No,NA,0,0,0,,,Yes,Crickets,36.5951,0.12528,
11,16-Nov-25,Sunday,No,NA,NA,No,NA,0,0,0,,,Yes,Crickets,36.5951,0.12528,
11,17-Nov-25,Monday,No,NA,NA,No,NA,0,0,0,,,Yes,Crickets,36.5951,0.12528,
11,18-Nov-25,Tuesday,Yes,Footprints,0,Yes,Irish potatoes,10X10,100,0,,,Yes,Crickets,36.5951,0.12528,
11,19-Nov-25,Wednesday,Yes,Footprints,5,Yes,Irish potatoes,5X10,50,0,,,Yes,Crickets,36.5951,0.12528,
11,20-Nov-25,Thursday,No,NA,NA,No,NA,0,0,0,,,Yes,Crickets,36.5951,0.12528,
11,21-Nov-25,Friday,Yes,Footprints,0,Yes,Irish potatoes,5X5,25,0,,,Yes,Crickets,36.5951,0.12528,
11,22-Nov-25,Saturday,Yes,Footprints,5,No,NA,0,0,0,,,Yes,Crickets,36.5951,0.12528,
11,23-Nov-25,Sunday,No,NA,NA,No,NA,0,0,0,,,Yes,Crickets,36.5951,0.12528,
11,24-Nov-25,Monday,No,NA,NA,No,NA,0,0,0,,,Yes,Crickets,36.5951,0.12528,
12,22-Sep-25,Monday,No,NA,NA,No,NA,0,0,0,,,Yes,Humans,36.59534,0.12605,
12,23-Sep-25,Tuesday,No,NA,NA,No,NA,0,0,0,,,Yes,Humans,36.59534,0.12605,
12,24-Sep-25,Wednesday,No,NA,NA,No,NA,0,0,0,,,Yes,Humans,36.59534,0.12605,
12,25-Sep-25,Thursday,No,NA,NA,No,NA,0,0,0,,,Yes,Humans,36.59534,0.12605,
12,26-Sep-25,Friday,Yes,"Damaged crops, footprints",20,Yes,Maize,15X10,150,0,,,Yes,Humans,36.59534,0.12605,
12,27-Sep-25,Saturday,No,NA,NA,No,NA,0,0,0,,,Yes,Humans,36.59534,0.12605,
12,28-Sep-25,Sunday,No,NA,NA,No,NA,0,0,0,,,Yes,Humans,36.59534,0.12605,
12,29-Sep-25,Monday,No,NA,NA,No,NA,0,0,0,,,Yes,Humans,36.59534,0.12605,
12,30-Sep-25,Tuesday,No,NA,NA,No,NA,0,0,0,,,Yes,Humans,36.59534,0.12605,
12,1-Oct-25,Wednesday,No,NA,NA,No,NA,0,0,0,,,Yes,Humans,36.59534,0.12605,
12,2-Oct-25,Thursday,No,NA,NA,No,NA,0,0,0,,,Yes,Humans,36.59534,0.12605,
12,3-Oct-25,Friday,No,NA,NA,No,NA,0,0,0,,,Yes,Humans,36.59534,0.12605,
12,4-Oct-25,Saturday,No,NA,NA,No,NA,0,0,0,,,Yes,Humans,36.59534,0.12605,
12,5-Oct-25,Sunday,No,NA,NA,No,NA,0,0,0,,,Yes,Humans,36.59534,0.12605,
12,6-Oct-25,Monday,No,NA,NA,No,NA,0,0,0,,,Yes,Humans,36.59534,0.12605,
12,7-Oct-25,Tuesday,No,NA,NA,No,NA,0,0,0,,,Yes,Humans,36.59534,0.12605,
12,8-Oct-25,Wednesday,No,NA,NA,No,NA,0,0,0,,,Yes,Humans,36.59534,0.12605,
12,9-Oct-25,Thursday,No,NA,NA,No,NA,0,0,0,,,Yes,Humans,36.59534,0.12605,
12,10-Oct-25,Friday,No,NA,NA,No,NA,0,0,0,,,Yes,Humans,36.59534,0.12605,
12,11-Oct-25,Saturday,No,NA,NA,No,NA,0,0,0,,,Yes,Humans,36.59534,0.12605,
12,12-Oct-25,Sunday,No,NA,NA,No,NA,0,0,0,,,Yes,Humans,36.59534,0.12605,
12,13-Oct-25,Monday,No,NA,NA,No,NA,0,0,0,,,Yes,Humans,36.59534,0.12605,
12,14-Oct-25,Tuesday,No,NA,NA,No,NA,0,0,0,,,Yes,Humans,36.59534,0.12605,
12,15-Oct-25,Wednesday,No,NA,NA,No,NA,0,0,0,,,Yes,Humans,36.59534,0.12605,
12,16-Oct-25,Thursday,No,NA,NA,No,NA,0,0,0,,,Yes,Humans,36.59534,0.12605,
12,17-Oct-25,Friday,No,NA,NA,No,NA,0,0,0,,,Yes,Humans,36.59534,0.12605,
12,18-Oct-25,Saturday,No,NA,NA,No,NA,0,0,0,,,Yes,Humans,36.59534,0.12605,
12,19-Oct-25,Sunday,No,NA,NA,No,NA,0,0,0,,,Yes,Humans,36.59534,0.12605,
12,20-Oct-25,Monday,No,NA,NA,No,NA,0,0,0,,,Yes,Humans,36.59534,0.12605,
12,29-Oct-25,Wednesday,No,NA,NA,No,NA,0,0,0,,,Yes,Crickets,36.59534,0.12605,
12,30-Oct-25,Thursday,No,NA,NA,No,NA,0,0,0,,,Yes,Crickets,36.59534,0.12605,
12,31-Oct-25,Friday,No,NA,NA,No,NA,0,0,0,,,Yes,Crickets,36.59534,0.12605,
12,1-Nov-25,Saturday,Yes,Footprints,5,No,NA,0,0,0,,,Yes,Crickets,36.59534,0.12605,
12,2-Nov-25,Sunday,Yes,Footprints,70,No,NA,0,0,0,,,Yes,Crickets,36.59534,0.12605,
12,3-Nov-25,Monday,Yes,Footprints,50,No,NA,0,0,0,,,Yes,Crickets,36.59534,0.12605,
12,4-Nov-25,Tuesday,Yes,Footprints,5,Yes,Sweet potatoes,5X4,20,0,,,Yes,Crickets,36.59534,0.12605,
12,5-Nov-25,Wednesday,No,NA,NA,No,NA,0,0,0,,,Yes,Crickets,36.59534,0.12605,
12,6-Nov-25,Thursday,No,NA,NA,No,NA,0,0,0,,,Yes,Crickets,36.59534,0.12605,
12,7-Nov-25,Friday,No,NA,NA,No,NA,0,0,0,,,Yes,Crickets,36.59534,0.12605,
12,8-Nov-25,Saturday,No,NA,NA,No,NA,0,0,0,,,Yes,Crickets,36.59534,0.12605,
12,9-Nov-25,Sunday,No,NA,NA,No,NA,0,0,0,,,Yes,Crickets,36.59534,0.12605,
12,10-Nov-25,Monday,Yes,Footprints,0,Yes,Maize,10X2,20,0,,,Yes,Crickets,36.59534,0.12605,
12,11-Nov-25,Tuesday,Yes,Footprints,0,Yes,Maize,,,0,,,Yes,Crickets,36.59534,0.12605,
12,12-Nov-25,Wednesday,Yes,Footprints,0,Yes,Maize,10X2,20,0,,,Yes,Crickets,36.59534,0.12605,
12,13-Nov-25,Thursday,No,NA,NA,No,NA,0,0,0,,,Yes,Crickets,36.59534,0.12605,
12,14-Nov-25,Friday,No,NA,NA,No,NA,0,0,0,,,Yes,Crickets,36.59534,0.12605,
12,15-Nov-25,Saturday,Yes,Footprints,0,Yes,Maize,10X2,20,0,,,Yes,Crickets,36.59534,0.12605,
12,16-Nov-25,Sunday,No,NA,NA,No,NA,0,0,0,,,Yes,Crickets,36.59534,0.12605,
12,17-Nov-25,Monday,No,NA,NA,No,NA,0,0,0,,,Yes,Crickets,36.59534,0.12605,
12,18-Nov-25,Tuesday,Yes,Footprints,0,Yes,Maize,3X10,30,0,,,Yes,Crickets,36.59534,0.12605,
12,19-Nov-25,Wednesday,Yes,Footprints,0,Yes,Maize,4X10,40,0,,,Yes,Crickets,36.59534,0.12605,
12,20-Nov-25,Thursday,No,NA,NA,No,NA,0,0,0,,,Yes,Crickets,36.59534,0.12605,
12,21-Nov-25,Friday,Yes,Footprints,0,Yes,Maize,10X5,50,0,,,Yes,Crickets,36.59534,0.12605,
12,22-Nov-25,Saturday,Yes,Footprints,0,Yes,Maize,10X2,20,0,,,Yes,Crickets,36.59534,0.12605,
12,23-Nov-25,Sunday,No,NA,NA,No,NA,0,0,0,,,Yes,Crickets,36.59534,0.12605,
13,22-Sep-25,Monday,No,NA,NA,No,NA,0,0,0,,,Yes,Humans,36.59654,0.13167,
13,23-Sep-25,Tuesday,No,NA,NA,No,NA,0,0,0,,,Yes,Humans,36.59654,0.13167,
13,24-Sep-25,Wednesday,No,NA,NA,No,NA,0,0,0,,,Yes,Humans,36.59654,0.13167,
13,25-Sep-25,Thursday,No,NA,NA,No,NA,0,0,0,,,Yes,Humans,36.59654,0.13167,
13,26-Sep-25,Friday,No,NA,NA,No,NA,0,0,0,,,Yes,Humans,36.59654,0.13167,
13,27-Sep-25,Saturday,No,NA,NA,No,NA,0,0,0,,,Yes,Humans,36.59654,0.13167,
13,28-Sep-25,Sunday,No,NA,NA,No,NA,0,0,0,,,Yes,Humans,36.59654,0.13167,
13,29-Sep-25,Monday,No,NA,NA,No,NA,0,0,0,,,Yes,Humans,36.59654,0.13167,
13,30-Sep-25,Tuesday,No,NA,NA,No,NA,0,0,0,,,Yes,Humans,36.59654,0.13167,
13,1-Oct-25,Wednesday,No,NA,NA,No,NA,0,0,0,,,Yes,Humans,36.59654,0.13167,
13,2-Oct-25,Thursday,No,NA,NA,No,NA,0,0,0,,,Yes,Humans,36.59654,0.13167,
13,3-Oct-25,Friday,No,NA,NA,No,NA,0,0,0,,,Yes,Humans,36.59654,0.13167,
13,4-Oct-25,Saturday,No,NA,NA,No,NA,0,0,0,,,Yes,Humans,36.59654,0.13167,
13,5-Oct-25,Sunday,No,NA,NA,No,NA,0,0,0,,,Yes,Humans,36.59654,0.13167,
13,6-Oct-25,Monday,No,NA,NA,No,NA,0,0,0,,,Yes,Humans,36.59654,0.13167,
13,7-Oct-25,Tuesday,No,NA,NA,No,NA,0,0,0,,,Yes,Humans,36.59654,0.13167,
13,8-Oct-25,Wednesday,No,NA,NA,No,NA,0,0,0,,,Yes,Humans,36.59654,0.13167,
13,9-Oct-25,Thursday,No,NA,NA,No,NA,0,0,0,,,Yes,Humans,36.59654,0.13167,
13,10-Oct-25,Friday,No,NA,NA,No,NA,0,0,0,,,Yes,Humans,36.59654,0.13167,
13,11-Oct-25,Saturday,No,NA,NA,No,NA,0,0,0,,,Yes,Humans,36.59654,0.13167,
13,12-Oct-25,Sunday,No,NA,NA,No,NA,0,0,0,,,Yes,Humans,36.59654,0.13167,
13,13-Oct-25,Monday,No,NA,NA,No,NA,0,0,0,,,Yes,Humans,36.59654,0.13167,
13,14-Oct-25,Tuesday,No,NA,NA,No,NA,0,0,0,,,Yes,Humans,36.59654,0.13167,
13,15-Oct-25,Wednesday,No,NA,NA,No,NA,0,0,0,,,Yes,Humans,36.59654,0.13167,
13,16-Oct-25,Thursday,No,NA,NA,No,NA,0,0,0,,,Yes,Humans,36.59654,0.13167,
13,17-Oct-25,Friday,No,NA,NA,No,NA,0,0,0,,,Yes,Humans,36.59654,0.13167,
13,18-Oct-25,Saturday,No,NA,NA,No,NA,0,0,0,,,Yes,Humans,36.59654,0.13167,
13,19-Oct-25,Sunday,No,NA,NA,No,NA,0,0,0,,,Yes,Humans,36.59654,0.13167,
13,20-Oct-25,Monday,No,NA,NA,No,NA,0,0,0,,,Yes,Humans,36.59654,0.13167,
13,29-Oct-25,Wednesday,No,NA,NA,No,NA,0,0,0,,,Yes,Crickets,36.59654,0.13167,
13,30-Oct-25,Thursday,No,NA,NA,No,NA,0,0,0,,,Yes,Crickets,36.59654,0.13167,
13,31-Oct-25,Friday,No,NA,NA,No,NA,0,0,0,,,Yes,Crickets,36.59654,0.13167,
13,1-Nov-25,Saturday,No,NA,NA,No,NA,0,0,0,,,Yes,Crickets,36.59654,0.13167,
13,2-Nov-25,Sunday,No,NA,NA,No,NA,0,0,0,,,Yes,Crickets,36.59654,0.13167,
13,3-Nov-25,Monday,No,NA,NA,No,NA,0,0,0,,,Yes,Crickets,36.59654,0.13167,
13,4-Nov-25,Tuesday,No,NA,NA,No,NA,0,0,0,,,Yes,Crickets,36.59654,0.13167,
13,5-Nov-25,Wednesday,No,NA,NA,No,NA,0,0,0,,,Yes,Crickets,36.59654,0.13167,
13,6-Nov-25,Thursday,Yes,Footprints,2,Yes,Kales,10X5,50,0,,,Yes,Crickets,36.59654,0.13167,
13,7-Nov-25,Friday,No,NA,NA,No,NA,0,0,0,,,Yes,Crickets,36.59654,0.13167,
13,8-Nov-25,Saturday,Yes,Footprints,7,Yes,Kales,10X5,50,0,,,Yes,Crickets,36.59654,0.13167,
13,9-Nov-25,Sunday,No,NA,NA,No,NA,0,0,0,,,Yes,Crickets,36.59654,0.13167,
13,10-Nov-25,Monday,No,NA,NA,No,NA,0,0,0,,,Yes,Crickets,36.59654,0.13167,
13,11-Nov-25,Tuesday,Yes,Footprints,0,Yes,Kales,15X15,225,0,,,Yes,Crickets,36.59654,0.13167,
13,12-Nov-25,Wednesday,No,NA,NA,No,NA,0,0,0,,,Yes,Crickets,36.59654,0.13167,
13,13-Nov-25,Thursday,No,NA,NA,No,NA,0,0,0,,,Yes,Crickets,36.59654,0.13167,
13,14-Nov-25,Friday,No,NA,NA,No,NA,0,0,0,,,Yes,Crickets,36.59654,0.13167,
13,15-Nov-25,Saturday,Yes,Footprints,0,Yes,Kales,15X15,225,0,,,Yes,Crickets,36.59654,0.13167,
13,16-Nov-25,Sunday,No,NA,NA,No,NA,0,0,0,,,Yes,Crickets,36.59654,0.13167,
13,17-Nov-25,Monday,No,NA,NA,No,NA,0,0,0,,,Yes,Crickets,36.59654,0.13167,
13,18-Nov-25,Tuesday,Yes,Footprints,0,Yes,Kales,10X10,100,0,,,Yes,Crickets,36.59654,0.13167,
13,19-Nov-25,Wednesday,No,NA,NA,No,NA,0,0,0,,,Yes,Crickets,36.59654,0.13167,
13,20-Nov-25,Thursday,No,NA,NA,No,NA,0,0,0,,,Yes,Crickets,36.59654,0.13167,
13,21-Nov-25,Friday,No,NA,NA,No,NA,0,0,0,,,Yes,Crickets,36.59654,0.13167,
13,22-Nov-25,Saturday,Yes,Footprints,0,Yes,Kales,15X10,150,0,,,Yes,Crickets,36.59654,0.13167,
13,23-Nov-25,Sunday,No,NA,NA,No,NA,0,0,0,,,Yes,Crickets,36.59654,0.13167,
14,22-Sep-25,Monday,No,NA,NA,No,NA,0,0,0,,,Yes,Humans,36.59696,0.13388,
14,23-Sep-25,Tuesday,No,NA,NA,No,NA,0,0,0,,,Yes,Humans,36.59696,0.13388,
14,24-Sep-25,Wednesday,No,NA,NA,No,NA,0,0,0,,,Yes,Humans,36.59696,0.13388,
14,25-Sep-25,Thursday,No,NA,NA,No,NA,0,0,0,,,Yes,Humans,36.59696,0.13388,
14,26-Sep-25,Friday,No,NA,NA,No,NA,0,0,0,,,Yes,Humans,36.59696,0.13388,
14,27-Sep-25,Saturday,No,NA,NA,No,NA,0,0,0,,,Yes,Humans,36.59696,0.13388,
14,28-Sep-25,Sunday,No,NA,NA,No,NA,0,0,0,,,Yes,Humans,36.59696,0.13388,
14,29-Sep-25,Monday,No,NA,NA,No,NA,0,0,0,,,Yes,Humans,36.59696,0.13388,
14,30-Sep-25,Tuesday,No,NA,NA,No,NA,0,0,0,,,Yes,Humans,36.59696,0.13388,
14,1-Oct-25,Wednesday,No,NA,NA,No,NA,0,0,0,,,Yes,Humans,36.59696,0.13388,
14,2-Oct-25,Thursday,No,NA,NA,No,NA,0,0,0,,,Yes,Humans,36.59696,0.13388,
14,3-Oct-25,Friday,No,NA,NA,No,NA,0,0,0,,,Yes,Humans,36.59696,0.13388,
14,4-Oct-25,Saturday,No,NA,NA,No,NA,0,0,0,,,Yes,Humans,36.59696,0.13388,
14,5-Oct-25,Sunday,No,NA,NA,No,NA,0,0,0,,,Yes,Humans,36.59696,0.13388,
14,6-Oct-25,Monday,No,NA,NA,No,NA,0,0,0,,,Yes,Humans,36.59696,0.13388,
14,7-Oct-25,Tuesday,No,NA,NA,No,NA,0,0,0,,,Yes,Humans,36.59696,0.13388,
14,8-Oct-25,Wednesday,No,NA,NA,No,NA,0,0,0,,,Yes,Humans,36.59696,0.13388,
14,9-Oct-25,Thursday,No,NA,NA,No,NA,0,0,0,,,Yes,Humans,36.59696,0.13388,
14,10-Oct-25,Friday,No,NA,NA,No,NA,0,0,0,,,Yes,Humans,36.59696,0.13388,
14,11-Oct-25,Saturday,No,NA,NA,No,NA,0,0,0,,,Yes,Humans,36.59696,0.13388,
14,12-Oct-25,Sunday,No,NA,NA,No,NA,0,0,0,,,Yes,Humans,36.59696,0.13388,
14,13-Oct-25,Monday,No,NA,NA,No,NA,0,0,0,,,Yes,Humans,36.59696,0.13388,
14,14-Oct-25,Tuesday,No,NA,NA,No,NA,0,0,0,,,Yes,Humans,36.59696,0.13388,
14,15-Oct-25,Wednesday,No,NA,NA,No,NA,0,0,0,,,Yes,Humans,36.59696,0.13388,
14,16-Oct-25,Thursday,No,NA,NA,No,NA,0,0,0,,,Yes,Humans,36.59696,0.13388,
14,17-Oct-25,Friday,No,NA,NA,No,NA,0,0,0,,,Yes,Humans,36.59696,0.13388,
14,18-Oct-25,Saturday,No,NA,NA,No,NA,0,0,0,,,Yes,Humans,36.59696,0.13388,
14,19-Oct-25,Sunday,No,NA,NA,No,NA,0,0,0,,,Yes,Humans,36.59696,0.13388,
14,20-Oct-25,Monday,No,NA,NA,No,NA,0,0,0,,,Yes,Humans,36.59696,0.13388,
14,29-Oct-25,Wednesday,No,NA,NA,No,NA,0,0,0,,,Yes,Crickets,36.59696,0.13388,
14,30-Oct-25,Thursday,No,NA,NA,No,NA,0,0,0,,,Yes,Crickets,36.59696,0.13388,
14,31-Oct-25,Friday,No,NA,NA,No,NA,0,0,0,,,Yes,Crickets,36.59696,0.13388,
14,1-Nov-25,Saturday,No,NA,NA,No,NA,0,0,0,,,Yes,Crickets,36.59696,0.13388,
14,2-Nov-25,Sunday,No,NA,NA,No,NA,0,0,0,,,Yes,Crickets,36.59696,0.13388,
14,3-Nov-25,Monday,No,NA,NA,No,NA,0,0,0,,,Yes,Crickets,36.59696,0.13388,
14,4-Nov-25,Tuesday,No,NA,NA,No,NA,0,0,0,,,Yes,Crickets,36.59696,0.13388,
14,5-Nov-25,Wednesday,Yes,Footprints,200,No,None,0,0,0,,,Yes,Crickets,36.59696,0.13388,
14,6-Nov-25,Thursday,No,NA,NA,No,NA,0,0,0,,,Yes,Crickets,36.59696,0.13388,
14,7-Nov-25,Friday,No,NA,NA,No,NA,0,0,0,,,Yes,Crickets,36.59696,0.13388,
14,8-Nov-25,Saturday,No,NA,NA,No,NA,0,0,0,,,Yes,Crickets,36.59696,0.13388,
14,9-Nov-25,Sunday,No,NA,NA,No,NA,0,0,0,,,Yes,Crickets,36.59696,0.13388,
14,10-Nov-25,Monday,No,NA,NA,No,NA,0,0,0,,,Yes,Crickets,36.59696,0.13388,
14,11-Nov-25,Tuesday,No,NA,NA,No,NA,0,0,0,,,Yes,Crickets,36.59696,0.13388,
14,12-Nov-25,Wednesday,Yes,Footprints,5,No,None,0,0,0,,,Yes,Crickets,36.59696,0.13388,
14,13-Nov-25,Thursday,No,NA,NA,No,NA,0,0,0,,,Yes,Crickets,36.59696,0.13388,
14,14-Nov-25,Friday,No,NA,NA,No,NA,0,0,0,,,Yes,Crickets,36.59696,0.13388,
14,15-Nov-25,Saturday,No,NA,NA,No,NA,0,0,0,,,Yes,Crickets,36.59696,0.13388,
14,16-Nov-25,Sunday,No,NA,NA,No,NA,0,0,0,,,Yes,Crickets,36.59696,0.13388,
14,17-Nov-25,Monday,No,NA,NA,No,NA,0,0,0,,,Yes,Crickets,36.59696,0.13388,
14,18-Nov-25,Tuesday,No,NA,NA,No,NA,0,0,0,,,Yes,Crickets,36.59696,0.13388,
14,19-Nov-25,Wednesday,Yes,Footprints,5,No,None,0,0,0,,,Yes,Crickets,36.59696,0.13388,
14,20-Nov-25,Thursday,No,NA,NA,No,NA,0,0,0,,,Yes,Crickets,36.59696,0.13388,
14,21-Nov-25,Friday,No,NA,NA,No,NA,0,0,0,,,Yes,Crickets,36.59696,0.13388,
14,22-Nov-25,Saturday,No,NA,NA,No,NA,0,0,0,,,Yes,Crickets,36.59696,0.13388,
14,23-Nov-25,Sunday,No,NA,NA,No,NA,0,0,0,,,Yes,Crickets,36.59696,0.13388,
15,22-Sep-25,Monday,No,NA,NA,No,NA,0,0,0,,,Yes,Humans,36.59701,0.13523,
15,23-Sep-25,Tuesday,No,NA,NA,No,NA,0,0,0,,,Yes,Humans,36.59701,0.13523,
15,24-Sep-25,Wednesday,No,NA,NA,No,NA,0,0,0,,,Yes,Humans,36.59701,0.13523,
15,25-Sep-25,Thursday,No,NA,NA,No,NA,0,0,0,,,Yes,Humans,36.59701,0.13523,
15,26-Sep-25,Friday,No,NA,NA,No,NA,0,0,0,,,Yes,Humans,36.59701,0.13523,
15,27-Sep-25,Saturday,No,NA,NA,No,NA,0,0,0,,,Yes,Humans,36.59701,0.13523,
15,28-Sep-25,Sunday,No,NA,NA,No,NA,0,0,0,,,Yes,Humans,36.59701,0.13523,
15,29-Sep-25,Monday,No,NA,NA,No,NA,0,0,0,,,Yes,Humans,36.59701,0.13523,
15,30-Sep-25,Tuesday,No,NA,NA,No,NA,0,0,0,,,Yes,Humans,36.59701,0.13523,
15,1-Oct-25,Wednesday,Yes,Footprints,15,No,None,0,0,0,,,Yes,Humans,36.59701,0.13523,Community responded immediately afer the elephants crossed the river and the elephants went back to cross the river
15,2-Oct-25,Thursday,No,NA,NA,No,NA,0,0,0,,,Yes,Humans,36.59701,0.13523,
15,3-Oct-25,Friday,No,NA,NA,No,NA,0,0,0,,,Yes,Humans,36.59701,0.13523,
15,4-Oct-25,Saturday,No,NA,NA,No,NA,0,0,0,,,Yes,Humans,36.59701,0.13523,
15,5-Oct-25,Sunday,No,NA,NA,No,NA,0,0,0,,,Yes,Humans,36.59701,0.13523,
15,6-Oct-25,Monday,No,NA,NA,No,NA,0,0,0,,,Yes,Humans,36.59701,0.13523,
15,7-Oct-25,Tuesday,No,NA,NA,No,NA,0,0,0,,,Yes,Humans,36.59701,0.13523,
15,8-Oct-25,Wednesday,No,NA,NA,No,NA,0,0,0,,,Yes,Humans,36.59701,0.13523,
15,9-Oct-25,Thursday,No,NA,NA,No,NA,0,0,0,,,Yes,Humans,36.59701,0.13523,
15,10-Oct-25,Friday,No,NA,NA,No,NA,0,0,0,,,Yes,Humans,36.59701,0.13523,
15,11-Oct-25,Saturday,No,NA,NA,No,NA,0,0,0,,,Yes,Humans,36.59701,0.13523,
15,12-Oct-25,Sunday,No,NA,NA,No,NA,0,0,0,,,Yes,Humans,36.59701,0.13523,
15,13-Oct-25,Monday,No,NA,NA,No,NA,0,0,0,,,Yes,Humans,36.59701,0.13523,
15,14-Oct-25,Tuesday,No,NA,NA,No,NA,0,0,0,,,Yes,Humans,36.59701,0.13523,
15,15-Oct-25,Wednesday,No,NA,NA,No,NA,0,0,0,,,Yes,Humans,36.59701,0.13523,
15,16-Oct-25,Thursday,No,NA,NA,No,NA,0,0,0,,,Yes,Humans,36.59701,0.13523,
15,17-Oct-25,Friday,No,NA,NA,No,NA,0,0,0,,,Yes,Humans,36.59701,0.13523,
15,18-Oct-25,Saturday,No,NA,NA,No,NA,0,0,0,,,Yes,Humans,36.59701,0.13523,
15,19-Oct-25,Sunday,No,NA,NA,No,NA,0,0,0,,,Yes,Humans,36.59701,0.13523,
15,20-Oct-25,Monday,No,NA,NA,No,NA,0,0,0,,,Yes,Humans,36.59701,0.13523,
15,29-Oct-25,Wednesday,No,NA,NA,No,NA,0,0,0,,,Yes,Crickets,36.59701,0.13523,
15,30-Oct-25,Thursday,No,NA,NA,No,NA,0,0,0,,,Yes,Crickets,36.59701,0.13523,
15,31-Oct-25,Friday,No,NA,NA,No,NA,0,0,0,,,Yes,Crickets,36.59701,0.13523,
15,1-Nov-25,Saturday,No,NA,NA,No,NA,0,0,0,,,Yes,Crickets,36.59701,0.13523,
15,2-Nov-25,Sunday,No,NA,NA,No,NA,0,0,0,,,Yes,Crickets,36.59701,0.13523,
15,3-Nov-25,Monday,No,NA,NA,No,NA,0,0,0,,,Yes,Crickets,36.59701,0.13523,
15,4-Nov-25,Tuesday,No,NA,NA,No,NA,0,0,0,,,Yes,Crickets,36.59701,0.13523,
15,5-Nov-25,Wednesday,Yes,Footprints,150,No,None,0,0,0,,,Yes,Crickets,36.59701,0.13523,
15,6-Nov-25,Thursday,No,NA,NA,No,NA,0,0,0,,,Yes,Crickets,36.59701,0.13523,
15,7-Nov-25,Friday,No,NA,NA,No,NA,0,0,0,,,Yes,Crickets,36.59701,0.13523,
15,8-Nov-25,Saturday,No,NA,NA,No,NA,0,0,0,,,Yes,Crickets,36.59701,0.13523,
15,9-Nov-25,Sunday,No,NA,NA,No,NA,0,0,0,,,Yes,Crickets,36.59701,0.13523,
15,10-Nov-25,Monday,No,NA,NA,No,NA,0,0,0,,,Yes,Crickets,36.59701,0.13523,
15,11-Nov-25,Tuesday,No,NA,NA,No,NA,0,0,0,,,Yes,Crickets,36.59701,0.13523,
15,12-Nov-25,Wednesday,Yes,Footprints,50,No,None,0,0,0,,,Yes,Crickets,36.59701,0.13523,Defended by farmers
15,13-Nov-25,Thursday,No,NA,NA,No,NA,0,0,0,,,Yes,Crickets,36.59701,0.13523,
15,14-Nov-25,Friday,No,NA,NA,No,NA,0,0,0,,,Yes,Crickets,36.59701,0.13523,
15,15-Nov-25,Saturday,No,NA,NA,No,NA,0,0,0,,,Yes,Crickets,36.59701,0.13523,
15,16-Nov-25,Sunday,No,NA,NA,No,NA,0,0,0,,,Yes,Crickets,36.59701,0.13523,
15,17-Nov-25,Monday,No,NA,NA,No,NA,0,0,0,,,Yes,Crickets,36.59701,0.13523,
15,18-Nov-25,Tuesday,No,NA,NA,No,NA,0,0,0,,,Yes,Crickets,36.59701,0.13523,
15,19-Nov-25,Wednesday,Yes,Footprints,50,No,None,0,0,0,,,Yes,Crickets,36.59701,0.13523,Defended by farmers
15,20-Nov-25,Thursday,No,NA,NA,No,NA,0,0,0,,,Yes,Crickets,36.59701,0.13523,
15,21-Nov-25,Friday,No,NA,NA,No,NA,0,0,0,,,Yes,Crickets,36.59701,0.13523,
15,22-Nov-25,Saturday,No,NA,NA,No,NA,0,0,0,,,Yes,Crickets,36.59701,0.13523,
15,23-Nov-25,Sunday,No,NA,NA,No,NA,0,0,0,,,Yes,Crickets,36.59701,0.13523,
16,22-Sep-25,Monday,No,NA,NA,No,NA,0,0,0,,,Yes,Humans,36.59762,0.13847,
16,23-Sep-25,Tuesday,No,NA,NA,No,NA,0,0,0,,,Yes,Humans,36.59762,0.13847,
16,24-Sep-25,Wednesday,No,NA,NA,No,NA,0,0,0,,,Yes,Humans,36.59762,0.13847,
16,25-Sep-25,Thursday,No,NA,NA,No,NA,0,0,0,,,Yes,Humans,36.59762,0.13847,
16,26-Sep-25,Friday,No,NA,NA,No,NA,0,0,0,,,Yes,Humans,36.59762,0.13847,
16,27-Sep-25,Saturday,No,NA,NA,No,NA,0,0,0,,,Yes,Humans,36.59762,0.13847,
16,28-Sep-25,Sunday,No,NA,NA,No,NA,0,0,0,,,Yes,Humans,36.59762,0.13847,
16,29-Sep-25,Monday,No,NA,NA,No,NA,0,0,0,,,Yes,Humans,36.59762,0.13847,
16,30-Sep-25,Tuesday,No,NA,NA,No,NA,0,0,0,,,Yes,Humans,36.59762,0.13847,
16,1-Oct-25,Wednesday,No,NA,NA,No,NA,0,0,0,,,Yes,Humans,36.59762,0.13847,
16,2-Oct-25,Thursday,No,NA,NA,No,NA,0,0,0,,,Yes,Humans,36.59762,0.13847,
16,3-Oct-25,Friday,No,NA,NA,No,NA,0,0,0,,,Yes,Humans,36.59762,0.13847,
16,4-Oct-25,Saturday,No,NA,NA,No,NA,0,0,0,,,Yes,Humans,36.59762,0.13847,
16,5-Oct-25,Sunday,No,NA,NA,No,NA,0,0,0,,,Yes,Humans,36.59762,0.13847,
16,6-Oct-25,Monday,No,NA,NA,No,NA,0,0,0,,,Yes,Humans,36.59762,0.13847,
16,7-Oct-25,Tuesday,No,NA,NA,No,NA,0,0,0,,,Yes,Humans,36.59762,0.13847,
16,8-Oct-25,Wednesday,No,NA,NA,No,NA,0,0,0,,,Yes,Humans,36.59762,0.13847,
16,9-Oct-25,Thursday,No,NA,NA,No,NA,0,0,0,,,Yes,Humans,36.59762,0.13847,
16,10-Oct-25,Friday,No,NA,NA,No,NA,0,0,0,,,Yes,Humans,36.59762,0.13847,
16,11-Oct-25,Saturday,No,NA,NA,No,NA,0,0,0,,,Yes,Humans,36.59762,0.13847,
16,12-Oct-25,Sunday,No,NA,NA,No,NA,0,0,0,,,Yes,Humans,36.59762,0.13847,
16,13-Oct-25,Monday,No,NA,NA,No,NA,0,0,0,,,Yes,Humans,36.59762,0.13847,
16,14-Oct-25,Tuesday,No,NA,NA,No,NA,0,0,0,,,Yes,Humans,36.59762,0.13847,
16,15-Oct-25,Wednesday,Yes,"Dog barks, footprints",50,No,None,0,0,0,,,Yes,Humans,36.59762,0.13847,
16,16-Oct-25,Thursday,No,NA,NA,No,NA,0,0,0,,,Yes,Humans,36.59762,0.13847,
16,17-Oct-25,Friday,No,NA,NA,No,NA,0,0,0,,,Yes,Humans,36.59762,0.13847,
16,18-Oct-25,Saturday,No,NA,NA,No,NA,0,0,0,,,Yes,Humans,36.59762,0.13847,
16,19-Oct-25,Sunday,No,NA,NA,No,NA,0,0,0,,,Yes,Humans,36.59762,0.13847,
16,20-Oct-25,Monday,No,NA,NA,No,NA,0,0,0,,,Yes,Humans,36.59762,0.13847,
16,29-Oct-25,Wednesday,No,NA,NA,No,NA,0,0,0,,,Yes,Crickets,36.59762,0.13847,
16,30-Oct-25,Thursday,No,NA,NA,No,NA,0,0,0,,,Yes,Crickets,36.59762,0.13847,
16,31-Oct-25,Friday,No,NA,NA,No,NA,0,0,0,,,Yes,Crickets,36.59762,0.13847,
16,1-Nov-25,Saturday,No,NA,NA,No,NA,0,0,0,,,Yes,Crickets,36.59762,0.13847,
16,2-Nov-25,Sunday,Yes,"Electric fence breaked,Footprints",10,Yes,cabbage,5X10,150,0,,,Yes,Crickets,36.59762,0.13847,
16,3-Nov-25,Monday,No,NA,NA,No,NA,0,0,0,,,Yes,Crickets,36.59762,0.13847,
16,4-Nov-25,Tuesday,No,NA,NA,No,NA,0,0,0,,,Yes,Crickets,36.59762,0.13847,
16,5-Nov-25,Wednesday,Yes,Broken Electric fence,0,No,None,0,0,0,,,Yes,Crickets,36.59762,0.13847,
16,6-Nov-25,Thursday,No,NA,NA,No,NA,0,0,0,,,Yes,Crickets,36.59762,0.13847,
16,7-Nov-25,Friday,No,NA,NA,No,NA,0,0,0,,,Yes,Crickets,36.59762,0.13847,
16,8-Nov-25,Saturday,No,NA,NA,No,NA,0,0,0,,,Yes,Crickets,36.59762,0.13847,
16,9-Nov-25,Sunday,No,NA,NA,No,NA,0,0,0,,,Yes,Crickets,36.59762,0.13847,
16,10-Nov-25,Monday,No,NA,NA,No,NA,0,0,0,,,Yes,Crickets,36.59762,0.13847,
16,11-Nov-25,Tuesday,No,NA,NA,No,NA,0,0,0,,,Yes,Crickets,36.59762,0.13847,
16,12-Nov-25,Wednesday,No,NA,NA,No,NA,0,0,0,,,Yes,Crickets,36.59762,0.13847,
16,13-Nov-25,Thursday,No,NA,NA,No,NA,0,0,0,,,Yes,Crickets,36.59762,0.13847,
16,14-Nov-25,Friday,No,NA,NA,No,NA,0,0,0,,,Yes,Crickets,36.59762,0.13847,
16,15-Nov-25,Saturday,No,NA,NA,No,NA,0,0,0,,,Yes,Crickets,36.59762,0.13847,
16,16-Nov-25,Sunday,No,NA,NA,No,NA,0,0,0,,,Yes,Crickets,36.59762,0.13847,
16,17-Nov-25,Monday,No,NA,NA,No,NA,0,0,0,,,Yes,Crickets,36.59762,0.13847,
16,18-Nov-25,Tuesday,No,NA,NA,No,NA,0,0,0,,,Yes,Crickets,36.59762,0.13847,
16,19-Nov-25,Wednesday,No,NA,NA,No,NA,0,0,0,,,Yes,Crickets,36.59762,0.13847,
16,20-Nov-25,Thursday,No,NA,NA,No,NA,0,0,0,,,Yes,Crickets,36.59762,0.13847,
16,21-Nov-25,Friday,No,NA,NA,No,NA,0,0,0,,,Yes,Crickets,36.59762,0.13847,
16,22-Nov-25,Saturday,No,NA,NA,No,NA,0,0,0,,,Yes,Crickets,36.59762,0.13847,
16,23-Nov-25,Sunday,No,NA,NA,No,NA,0,0,0,,,Yes,Crickets,36.59762,0.13847,
17,22-Sep-25,Monday,No,NA,NA,No,NA,0,0,3,,,Yes,Humans,36.59804,0.14222,
17,23-Sep-25,Tuesday,No,NA,NA,No,NA,0,0,3,,,Yes,Humans,36.59804,0.14222,
17,24-Sep-25,Wednesday,No,NA,NA,No,NA,0,0,3,,,Yes,Humans,36.59804,0.14222,
17,25-Sep-25,Thursday,No,NA,NA,No,NA,0,0,3,,,Yes,Humans,36.59804,0.14222,
17,26-Sep-25,Friday,No,NA,NA,No,NA,0,0,3,,,Yes,Humans,36.59804,0.14222,
17,27-Sep-25,Saturday,No,NA,NA,No,NA,0,0,3,,,Yes,Humans,36.59804,0.14222,
17,28-Sep-25,Sunday,No,NA,NA,No,NA,0,0,3,,,Yes,Humans,36.59804,0.14222,
17,29-Sep-25,Monday,No,NA,NA,No,NA,0,0,3,,,Yes,Humans,36.59804,0.14222,
17,30-Sep-25,Tuesday,No,NA,NA,No,NA,0,0,3,,,Yes,Humans,36.59804,0.14222,
17,1-Oct-25,Wednesday,No,NA,NA,No,NA,0,0,3,,,Yes,Humans,36.59804,0.14222,
17,2-Oct-25,Thursday,No,NA,NA,No,NA,0,0,3,,,Yes,Humans,36.59804,0.14222,
17,3-Oct-25,Friday,No,NA,NA,No,NA,0,0,3,,,Yes,Humans,36.59804,0.14222,
17,4-Oct-25,Saturday,No,NA,NA,No,NA,0,0,3,,,Yes,Humans,36.59804,0.14222,
17,5-Oct-25,Sunday,No,NA,NA,No,NA,0,0,3,,,Yes,Humans,36.59804,0.14222,
17,6-Oct-25,Monday,No,NA,NA,No,NA,0,0,3,,,Yes,Humans,36.59804,0.14222,
17,7-Oct-25,Tuesday,No,NA,NA,No,NA,0,0,3,,,Yes,Humans,36.59804,0.14222,
17,8-Oct-25,Wednesday,No,NA,NA,No,NA,0,0,3,,,Yes,Humans,36.59804,0.14222,
17,9-Oct-25,Thursday,No,NA,NA,No,NA,0,0,3,,,Yes,Humans,36.59804,0.14222,
17,10-Oct-25,Friday,No,NA,NA,No,NA,0,0,3,,,Yes,Humans,36.59804,0.14222,
17,11-Oct-25,Saturday,No,NA,NA,No,NA,0,0,3,,,Yes,Humans,36.59804,0.14222,
17,12-Oct-25,Sunday,No,NA,NA,No,NA,0,0,3,,,Yes,Humans,36.59804,0.14222,
17,13-Oct-25,Monday,No,NA,NA,No,NA,0,0,3,,,Yes,Humans,36.59804,0.14222,
17,14-Oct-25,Tuesday,No,NA,NA,No,NA,0,0,3,,,Yes,Humans,36.59804,0.14222,
17,15-Oct-25,Wednesday,No,NA,NA,No,NA,0,0,3,,,Yes,Humans,36.59804,0.14222,
17,16-Oct-25,Thursday,No,NA,NA,No,NA,0,0,3,,,Yes,Humans,36.59804,0.14222,
17,17-Oct-25,Friday,No,NA,NA,No,NA,0,0,3,,,Yes,Humans,36.59804,0.14222,
17,18-Oct-25,Saturday,No,NA,NA,No,NA,0,0,3,,,Yes,Humans,36.59804,0.14222,
17,19-Oct-25,Sunday,No,NA,NA,No,NA,0,0,3,,,Yes,Humans,36.59804,0.14222,
17,20-Oct-25,Monday,No,NA,NA,No,NA,0,0,3,,,Yes,Humans,36.59804,0.14222,
17,29-Oct-25,Wednesday,No,NA,NA,No,NA,0,0,3,,,Yes,Crickets,36.59804,0.14222,
17,30-Oct-25,Thursday,No,NA,NA,No,NA,0,0,3,,,Yes,Crickets,36.59804,0.14222,
17,31-Oct-25,Friday,No,NA,NA,No,NA,0,0,3,,,Yes,Crickets,36.59804,0.14222,
17,1-Nov-25,Saturday,No,NA,NA,No,NA,0,0,3,,,Yes,Crickets,36.59804,0.14222,
17,2-Nov-25,Sunday,Yes,"Electric fence breaked,Footprints",5,Yes,Maize,10X2,20,3,,,Yes,Crickets,36.59804,0.14222,The elephants crossed through the live electric fence and passed near the cricket speaker to the farms
17,3-Nov-25,Monday,No,NA,NA,No,NA,0,0,3,,,Yes,Crickets,36.59804,0.14222,
17,4-Nov-25,Tuesday,No,NA,NA,No,NA,0,0,3,,,Yes,Crickets,36.59804,0.14222,
17,5-Nov-25,Wednesday,No,NA,NA,No,NA,0,0,3,,,Yes,Crickets,36.59804,0.14222,
17,6-Nov-25,Thursday,No,NA,NA,No,NA,0,0,3,,,Yes,Crickets,36.59804,0.14222,
17,7-Nov-25,Friday,No,NA,NA,No,NA,0,0,3,,,Yes,Crickets,36.59804,0.14222,
17,8-Nov-25,Saturday,No,NA,NA,No,NA,0,0,3,,,Yes,Crickets,36.59804,0.14222,
17,9-Nov-25,Sunday,No,NA,NA,No,NA,0,0,3,,,Yes,Crickets,36.59804,0.14222,
17,10-Nov-25,Monday,No,NA,NA,No,NA,0,0,3,,,Yes,Crickets,36.59804,0.14222,
17,11-Nov-25,Tuesday,No,NA,NA,No,NA,0,0,3,,,Yes,Crickets,36.59804,0.14222,
17,12-Nov-25,Wednesday,No,NA,NA,No,NA,0,0,3,,,Yes,Crickets,36.59804,0.14222,
17,13-Nov-25,Thursday,No,NA,NA,No,NA,0,0,3,,,Yes,Crickets,36.59804,0.14222,
17,14-Nov-25,Friday,No,NA,NA,No,NA,0,0,3,,,Yes,Crickets,36.59804,0.14222,
17,15-Nov-25,Saturday,No,NA,NA,No,NA,0,0,3,,,Yes,Crickets,36.59804,0.14222,
17,16-Nov-25,Sunday,No,NA,NA,No,NA,0,0,3,,,Yes,Crickets,36.59804,0.14222,
17,17-Nov-25,Monday,No,NA,NA,No,NA,0,0,3,,,Yes,Crickets,36.59804,0.14222,
17,18-Nov-25,Tuesday,No,NA,NA,No,NA,0,0,3,,,Yes,Crickets,36.59804,0.14222,
17,19-Nov-25,Wednesday,No,NA,NA,No,NA,0,0,3,,,Yes,Crickets,36.59804,0.14222,
17,20-Nov-25,Thursday,No,NA,NA,No,NA,0,0,3,,,Yes,Crickets,36.59804,0.14222,
17,21-Nov-25,Friday,No,NA,NA,No,NA,0,0,3,,,Yes,Crickets,36.59804,0.14222,
17,22-Nov-25,Saturday,No,NA,NA,No,NA,0,0,3,,,Yes,Crickets,36.59804,0.14222,
17,23-Nov-25,Sunday,No,NA,NA,No,NA,0,0,3,,,Yes,Crickets,36.59804,0.14222,
18,22-Sep-25,Monday,No,NA,NA,No,NA,0,0,0,,,Yes,Humans,36.59824,0.1448,
18,23-Sep-25,Tuesday,No,NA,NA,No,NA,0,0,0,,,Yes,Humans,36.59824,0.1448,
18,24-Sep-25,"Wednesday, Friday, Saturday",Yes,"Broken electric fence, damaged crops, footprints",75,Yes,Maize,15X10,150,0,,,Yes,Humans,36.59824,0.1448,
18,25-Sep-25,Thursday,No,NA,NA,No,NA,0,0,0,,,Yes,Humans,36.59824,0.1448,
18,26-Sep-25,Friday,No,NA,NA,No,NA,0,0,0,,,Yes,Humans,36.59824,0.1448,
18,27-Sep-25,Saturday,No,NA,NA,No,NA,0,0,0,,,Yes,Humans,36.59824,0.1448,
18,28-Sep-25,Sunday,No,NA,NA,No,NA,0,0,0,,,Yes,Humans,36.59824,0.1448,
18,29-Sep-25,Monday,No,NA,NA,No,NA,0,0,0,,,Yes,Humans,36.59824,0.1448,
18,30-Sep-25,Tuesday,No,NA,NA,No,NA,0,0,0,,,Yes,Humans,36.59824,0.1448,
18,1-Oct-25,Wednesday,No,NA,NA,No,NA,0,0,0,,,Yes,Humans,36.59824,0.1448,
18,2-Oct-25,Thursday,No,NA,NA,No,NA,0,0,0,,,Yes,Humans,36.59824,0.1448,
18,3-Oct-25,Friday,No,NA,NA,No,NA,0,0,0,,,Yes,Humans,36.59824,0.1448,
18,4-Oct-25,Saturday,No,NA,NA,No,NA,0,0,0,,,Yes,Humans,36.59824,0.1448,
18,5-Oct-25,Sunday,No,NA,NA,No,NA,0,0,0,,,Yes,Humans,36.59824,0.1448,
18,6-Oct-25,Monday,No,NA,NA,No,NA,0,0,0,,,Yes,Humans,36.59824,0.1448,
18,7-Oct-25,Tuesday,No,NA,NA,No,NA,0,0,0,,,Yes,Humans,36.59824,0.1448,
18,8-Oct-25,Wednesday,No,NA,NA,No,NA,0,0,0,,,Yes,Humans,36.59824,0.1448,
18,9-Oct-25,Thursday,No,NA,NA,No,NA,0,0,0,,,Yes,Humans,36.59824,0.1448,
18,10-Oct-25,Friday,No,NA,NA,No,NA,0,0,0,,,Yes,Humans,36.59824,0.1448,
18,11-Oct-25,Saturday,No,NA,NA,No,NA,0,0,0,,,Yes,Humans,36.59824,0.1448,
18,12-Oct-25,Sunday,No,NA,NA,No,NA,0,0,0,,,Yes,Humans,36.59824,0.1448,
18,13-Oct-25,Monday,No,NA,NA,No,NA,0,0,0,,,Yes,Humans,36.59824,0.1448,
18,14-Oct-25,Tuesday,No,NA,NA,No,NA,0,0,0,,,Yes,Humans,36.59824,0.1448,
18,15-Oct-25,Wednesday,No,NA,NA,No,NA,0,0,0,,,Yes,Humans,36.59824,0.1448,
18,16-Oct-25,Thursday,No,NA,NA,No,NA,0,0,0,,,Yes,Humans,36.59824,0.1448,
18,17-Oct-25,Friday,No,NA,NA,No,NA,0,0,0,,,Yes,Humans,36.59824,0.1448,
18,18-Oct-25,Saturday,No,NA,NA,No,NA,0,0,0,,,Yes,Humans,36.59824,0.1448,
18,19-Oct-25,Sunday,No,NA,NA,No,NA,0,0,0,,,Yes,Humans,36.59824,0.1448,
18,20-Oct-25,Monday,No,NA,NA,No,NA,0,0,0,,,Yes,Humans,36.59824,0.1448,
18,29-Oct-25,Wednesday,No,NA,NA,No,NA,0,0,0,,,Yes,Crickets,36.59824,0.1448,
18,30-Oct-25,Thursday,No,NA,NA,No,NA,0,0,0,,,Yes,Crickets,36.59824,0.1448,
18,31-Oct-25,Friday,No,NA,NA,No,NA,0,0,0,,,Yes,Crickets,36.59824,0.1448,
18,1-Nov-25,Saturday,No,NA,NA,No,NA,0,0,0,,,Yes,Crickets,36.59824,0.1448,
18,2-Nov-25,Sunday,Yes,Footprints,5,Yes,Kales,5X3,15,0,,,Yes,Crickets,36.59824,0.1448,
18,3-Nov-25,Monday,No,NA,NA,No,NA,0,0,0,,,Yes,Crickets,36.59824,0.1448,
18,4-Nov-25,Tuesday,No,NA,NA,No,NA,0,0,0,,,Yes,Crickets,36.59824,0.1448,
18,5-Nov-25,Wednesday,Yes,Footprints,100,No,None,0,0,0,,,Yes,Crickets,36.59824,0.1448,
18,6-Nov-25,Thursday,No,NA,NA,No,NA,0,0,0,,,Yes,Crickets,36.59824,0.1448,
18,7-Nov-25,Friday,No,NA,NA,No,NA,0,0,0,,,Yes,Crickets,36.59824,0.1448,
18,8-Nov-25,Saturday,No,NA,NA,No,NA,0,0,0,,,Yes,Crickets,36.59824,0.1448,
18,9-Nov-25,Sunday,No,NA,NA,No,NA,0,0,0,,,Yes,Crickets,36.59824,0.1448,
18,10-Nov-25,Monday,No,NA,NA,No,NA,0,0,0,,,Yes,Crickets,36.59824,0.1448,
18,11-Nov-25,Tuesday,No,NA,NA,No,NA,0,0,0,,,Yes,Crickets,36.59824,0.1448,
18,12-Nov-25,Wednesday,No,NA,NA,No,NA,0,0,0,,,Yes,Crickets,36.59824,0.1448,
18,13-Nov-25,Thursday,No,NA,NA,No,NA,0,0,0,,,Yes,Crickets,36.59824,0.1448,
18,14-Nov-25,Friday,No,NA,NA,No,NA,0,0,0,,,Yes,Crickets,36.59824,0.1448,
18,15-Nov-25,Saturday,No,NA,NA,No,NA,0,0,0,,,Yes,Crickets,36.59824,0.1448,
18,16-Nov-25,Sunday,No,NA,NA,No,NA,0,0,0,,,Yes,Crickets,36.59824,0.1448,
18,17-Nov-25,Monday,No,NA,NA,No,NA,0,0,0,,,Yes,Crickets,36.59824,0.1448,
18,18-Nov-25,Tuesday,No,NA,NA,No,NA,0,0,0,,,Yes,Crickets,36.59824,0.1448,
18,19-Nov-25,Wednesday,No,NA,NA,No,NA,0,0,0,,,Yes,Crickets,36.59824,0.1448,
18,20-Nov-25,Thursday,No,NA,NA,No,NA,0,0,0,,,Yes,Crickets,36.59824,0.1448,
18,21-Nov-25,Friday,No,NA,NA,No,NA,0,0,0,,,Yes,Crickets,36.59824,0.1448,
18,22-Nov-25,Saturday,No,NA,NA,No,NA,0,0,0,,,Yes,Crickets,36.59824,0.1448,
18,23-Nov-25,Sunday,No,NA,NA,No,NA,0,0,0,,,Yes,Crickets,36.59824,0.1448,
19,22-Sep-25,Monday,No,NA,NA,No,NA,0,0,2,,,Yes,Humans,36.56504,0.15772,
19,23-Sep-25,Tuesday,No,NA,NA,No,NA,0,0,2,,,Yes,Humans,36.56504,0.15772,
19,24-Sep-25,Wednesday,No,NA,NA,No,NA,0,0,2,,,Yes,Humans,36.56504,0.15772,
19,25-Sep-25,Thursday,Yes,"Damaged crops, footprints",50,Yes,Maize,5x10,50,2,,,Yes,Humans,36.56504,0.15772,
19,26-Sep-25,Friday,No,NA,NA,No,NA,0,0,2,,,Yes,Humans,36.56504,0.15772,
19,27-Sep-25,Saturday,No,NA,NA,No,NA,0,0,2,,,Yes,Humans,36.56504,0.15772,
19,28-Sep-25,Sunday,No,NA,NA,No,NA,0,0,2,,,Yes,Humans,36.56504,0.15772,
19,29-Sep-25,Monday,No,NA,NA,No,NA,0,0,2,,,Yes,Humans,36.56504,0.15772,
19,30-Sep-25,Tuesday,No,NA,NA,No,NA,0,0,2,,,Yes,Humans,36.56504,0.15772,
19,1-Oct-25,Wednesday,No,NA,NA,No,NA,0,0,2,,,Yes,Humans,36.56504,0.15772,
19,2-Oct-25,Thursday,No,NA,NA,No,NA,0,0,2,,,Yes,Humans,36.56504,0.15772,
19,3-Oct-25,Friday,No,NA,NA,No,NA,0,0,2,,,Yes,Humans,36.56504,0.15772,
19,4-Oct-25,Saturday,No,NA,NA,No,NA,0,0,2,,,Yes,Humans,36.56504,0.15772,
19,5-Oct-25,Sunday,No,NA,NA,No,NA,0,0,2,,,Yes,Humans,36.56504,0.15772,
19,6-Oct-25,Monday,No,NA,NA,No,NA,0,0,2,,,Yes,Humans,36.56504,0.15772,
19,7-Oct-25,Tuesday,No,NA,NA,No,NA,0,0,2,,,Yes,Humans,36.56504,0.15772,
19,8-Oct-25,Wednesday,No,NA,NA,No,NA,0,0,2,,,Yes,Humans,36.56504,0.15772,
19,9-Oct-25,Thursday,No,NA,NA,No,NA,0,0,2,,,Yes,Humans,36.56504,0.15772,
19,10-Oct-25,Friday,No,NA,NA,No,NA,0,0,2,,,Yes,Humans,36.56504,0.15772,
19,11-Oct-25,Saturday,No,NA,NA,No,NA,0,0,2,,,Yes,Humans,36.56504,0.15772,
19,12-Oct-25,Sunday,No,NA,NA,No,NA,0,0,2,,,Yes,Humans,36.56504,0.15772,
19,13-Oct-25,Monday,No,NA,NA,No,NA,0,0,2,,,Yes,Humans,36.56504,0.15772,
19,14-Oct-25,Tuesday,No,NA,NA,No,NA,0,0,2,,,Yes,Humans,36.56504,0.15772,
19,15-Oct-25,Wednesday,No,NA,NA,No,NA,0,0,2,,,Yes,Humans,36.56504,0.15772,
19,16-Oct-25,Thursday,No,NA,NA,No,NA,0,0,2,,,Yes,Humans,36.56504,0.15772,
19,17-Oct-25,Friday,No,NA,NA,No,NA,0,0,2,,,Yes,Humans,36.56504,0.15772,
19,18-Oct-25,Saturday,No,NA,NA,No,NA,0,0,2,,,Yes,Humans,36.56504,0.15772,
19,19-Oct-25,Sunday,No,NA,NA,No,NA,0,0,2,,,Yes,Humans,36.56504,0.15772,
19,20-Oct-25,Monday,No,NA,NA,No,NA,0,0,2,,,Yes,Humans,36.56504,0.15772,
19,23-Oct-25,Thursday,No,NA,NA,No,NA,0,0,2,,,Yes,Crickets,36.56504,0.15772,
19,24-Oct-25,Friday,No,NA,NA,No,NA,0,0,2,,,Yes,Crickets,36.56504,0.15772,
19,25-Oct-25,Saturday,No,NA,NA,No,NA,0,0,2,,,Yes,Crickets,36.56504,0.15772,
19,26-Oct-25,Sunday,No,NA,NA,No,NA,0,0,2,,,Yes,Crickets,36.56504,0.15772,
19,27-Oct-25,Monday,No,NA,NA,No,NA,0,0,2,,,Yes,Crickets,36.56504,0.15772,
19,28-Oct-25,Tuesday,No,NA,NA,No,NA,0,0,2,,,Yes,Crickets,36.56504,0.15772,
19,29-Oct-25,Wednesday,No,NA,NA,No,NA,0,0,2,,,Yes,Crickets,36.56504,0.15772,
19,30-Oct-25,Thursday,No,NA,NA,No,NA,0,0,2,,,Yes,Crickets,36.56504,0.15772,
19,31-Oct-25,Friday,No,NA,NA,No,NA,0,0,2,,,Yes,Crickets,36.56504,0.15772,
19,1-Nov-25,Saturday,No,NA,NA,No,NA,0,0,2,,,Yes,Crickets,36.56504,0.15772,
19,2-Nov-25,Sunday,No,NA,NA,No,NA,0,0,2,,,Yes,Crickets,36.56504,0.15772,
19,3-Nov-25,Monday,No,NA,NA,No,NA,0,0,2,,,Yes,Crickets,36.56504,0.15772,
19,4-Nov-25,Tuesday,No,NA,NA,No,NA,0,0,2,,,Yes,Crickets,36.56504,0.15772,
19,5-Nov-25,Wednesday,No,NA,NA,No,NA,0,0,2,,,Yes,Crickets,36.56504,0.15772,
19,6-Nov-25,Thursday,No,NA,NA,No,NA,0,0,2,,,Yes,Crickets,36.56504,0.15772,
19,7-Nov-25,Friday,No,NA,NA,No,NA,0,0,2,,,Yes,Crickets,36.56504,0.15772,
19,8-Nov-25,Saturday,No,NA,NA,No,NA,0,0,2,,,Yes,Crickets,36.56504,0.15772,
19,9-Nov-25,Sunday,No,NA,NA,No,NA,0,0,2,,,Yes,Crickets,36.56504,0.15772,
19,10-Nov-25,Monday,No,NA,NA,No,NA,0,0,2,,,Yes,Crickets,36.56504,0.15772,
19,11-Nov-25,Tuesday,No,NA,NA,No,NA,0,0,2,,,Yes,Crickets,36.56504,0.15772,
19,12-Nov-25,Wednesday,Yes,Footprints,20,Yes,Sweet potatoes,10X10,100,2,,,Yes,Crickets,36.56504,0.15772,
19,13-Nov-25,Thursday,Yes,Footprints,10,Yes,Sweet potatoes,10X10,100,2,,,Yes,Crickets,36.56504,0.15772,
19,14-Nov-25,Friday,Yes,Footprints,20,Yes,Sweet potatoes,10X10,100,2,,,Yes,Crickets,36.56504,0.15772,
19,15-Nov-25,Saturday,No,NA,NA,No,NA,0,0,2,,,Yes,Crickets,36.56504,0.15772,
19,16-Nov-25,Sunday,No,NA,NA,No,NA,0,0,2,,,Yes,Crickets,36.56504,0.15772,
19,17-Nov-25,Monday,No,NA,NA,No,NA,0,0,2,,,Yes,Crickets,36.56504,0.15772,
19,18-Nov-25,Tuesday,No,NA,NA,No,NA,0,0,2,,,Yes,Crickets,36.56504,0.15772,
19,19-Nov-25,Wednesday,Yes,Footprints,20,Yes,Sweet potatoes,5X5,25,2,,,Yes,Crickets,36.56504,0.15772,
19,20-Nov-25,Thursday,Yes,Footprints,10,Yes,Sweet potatoes,5X5,25,2,,,Yes,Crickets,36.56504,0.15772,
19,21-Nov-25,Friday,No,NA,NA,No,NA,0,0,2,,,Yes,Crickets,36.56504,0.15772,
19,22-Nov-25,Saturday,No,NA,NA,No,NA,0,0,2,,,Yes,Crickets,36.56504,0.15772,
19,23-Nov-25,Sunday,No,NA,NA,No,NA,0,0,2,,,Yes,Crickets,36.56504,0.15772,
19,24-Nov-25,Monday,No,NA,NA,No,NA,0,0,2,,,Yes,Crickets,36.56504,0.15772,